model,group_id,sentence_id,coreference,subject,overt
human_translations,1,1,1,-,0
human_translations,1,2,0,onun,1
human_translations,2,3,1,-,0
human_translations,2,4,0,onun,1
human_translations,3,5,1,-,0
human_translations,3,6,0,onun,1
human_translations,4,7,1,-,0
human_translations,4,8,0,onun,1
human_translations,5,9,1,-,0
human_translations,5,10,0,onun,1
human_translations,6,11,1,-,0
human_translations,6,12,0,onun,1
human_translations,7,13,1,-,0
human_translations,7,14,0,onun,1
human_translations,8,15,1,-,0
human_translations,8,16,0,onun,1
human_translations,9,17,1,-,0
human_translations,9,18,0,onun,1
human_translations,10,19,1,-,0
human_translations,10,20,0,onun,1
human_translations,11,21,1,-,0
human_translations,11,22,0,onun,1
human_translations,12,23,1,-,0
human_translations,12,24,0,onun,1
human_translations,13,25,1,-,0
human_translations,13,26,0,onun,1
human_translations,14,27,1,-,0
human_translations,14,28,0,onun,1
human_translations,15,29,1,-,0
human_translations,15,30,0,onun,1
human_translations,16,31,1,-,0
human_translations,16,32,0,onun,1
human_translations,17,33,1,-,0
human_translations,17,34,0,onun,1
human_translations,18,35,1,-,0
human_translations,18,36,0,onun,1
human_translations,19,37,1,-,0
human_translations,19,38,0,onun,1
human_translations,20,39,1,-,0
human_translations,20,40,0,onun,1
human_translations,21,41,1,-,0
human_translations,21,42,0,onun,1
human_translations,22,43,1,-,0
human_translations,22,44,0,onun,1
human_translations,23,45,1,-,0
human_translations,23,46,0,onun,1
human_translations,24,47,1,-,0
human_translations,24,48,0,onun,1
human_translations,25,49,1,-,0
human_translations,25,50,0,onun,1
human_translations,26,51,1,-,0
human_translations,26,52,0,onun,1
human_translations,27,53,1,-,0
human_translations,27,54,0,onun,1
human_translations,28,55,1,-,0
human_translations,28,56,0,onun,1
human_translations,29,57,1,-,0
human_translations,29,58,0,onun,1
human_translations,30,59,1,-,0
human_translations,30,60,0,onun,1
human_translations,31,61,1,-,0
human_translations,31,62,0,onun,1
human_translations,32,63,1,-,0
human_translations,32,64,0,onun,1
human_translations,33,65,1,-,0
human_translations,33,66,0,onun,1
human_translations,34,67,1,-,0
human_translations,34,68,0,onun,1
human_translations,35,69,1,-,0
human_translations,35,70,0,onun,1
human_translations,36,71,1,-,0
human_translations,36,72,0,onun,1
human_translations,37,73,1,-,0
human_translations,37,74,0,onun,1
human_translations,38,75,1,-,0
human_translations,38,76,0,onun,1
human_translations,39,77,1,-,0
human_translations,39,78,0,onun,1
human_translations,40,79,1,-,0
human_translations,40,80,0,onun,1
human_translations,41,81,1,-,0
human_translations,41,82,0,onun,1
human_translations,42,83,1,-,0
human_translations,42,84,0,onun,1
human_translations,43,85,1,-,0
human_translations,43,86,0,onun,1
human_translations,44,87,1,-,0
human_translations,44,88,0,onun,1
human_translations,45,89,1,-,0
human_translations,45,90,0,onun,1
human_translations,46,91,1,-,0
human_translations,46,92,0,onun,1
human_translations,47,93,1,-,0
human_translations,47,94,0,onun,1
human_translations,48,95,1,-,0
human_translations,48,96,0,onun,1
human_translations,49,97,1,-,0
human_translations,49,98,0,onun,1
human_translations,50,99,1,-,0
human_translations,50,100,0,onun,1
human_translations,51,101,1,-,0
human_translations,51,102,0,onun,1
human_translations,52,103,1,-,0
human_translations,52,103,1,-,0
human_translations,52,104,0,-,0
human_translations,52,104,0,onun,1
human_translations,53,105,1,o,1
human_translations,53,105,1,-,0
human_translations,53,106,0,o,1
human_translations,53,106,0,onun,1
human_translations,54,107,1,-,0
human_translations,54,107,1,-,0
human_translations,54,108,0,-,0
human_translations,54,108,0,onun,1
human_translations,55,109,1,-,0
human_translations,55,109,1,-,0
human_translations,55,110,0,-,0
human_translations,55,110,0,onun,1
human_translations,56,111,1,-,0
human_translations,56,111,1,-,0
human_translations,56,112,0,-,0
human_translations,56,112,0,onun,1
human_translations,57,113,1,-,0
human_translations,57,113,1,-,0
human_translations,57,114,0,-,0
human_translations,57,114,0,onun,1
human_translations,58,115,1,-,0
human_translations,58,115,1,-,0
human_translations,58,116,0,-,0
human_translations,58,116,0,onun,1
human_translations,59,117,1,-,0
human_translations,59,117,1,-,0
human_translations,59,118,0,-,0
human_translations,59,118,0,onun,1
human_translations,60,119,1,-,0
human_translations,60,119,1,-,0
human_translations,60,120,0,-,0
human_translations,60,120,0,onun,1
human_translations,61,121,1,-,0
human_translations,61,121,1,-,0
human_translations,61,122,0,-,0
human_translations,61,122,0,onun,1
human_translations,62,123,1,-,0
human_translations,62,123,1,-,0
human_translations,62,124,0,-,0
human_translations,62,124,0,onun,1
human_translations,63,125,1,-,0
human_translations,63,125,1,-,0
human_translations,63,126,0,-,0
human_translations,63,126,0,onun,1
human_translations,64,127,1,-,0
human_translations,64,127,1,-,0
human_translations,64,128,0,-,0
human_translations,64,128,0,onun,1
human_translations,65,129,1,-,0
human_translations,65,129,1,-,0
human_translations,65,130,0,-,0
human_translations,65,130,0,onun,1
human_translations,66,131,1,-,0
human_translations,66,131,1,-,0
human_translations,66,132,0,-,0
human_translations,66,132,0,onun,1
human_translations,67,133,1,-,0
human_translations,67,133,1,-,0
human_translations,67,134,0,-,0
human_translations,67,134,0,onun,1
human_translations,68,135,1,-,0
human_translations,68,135,1,-,0
human_translations,68,136,0,-,0
human_translations,68,136,0,onun,1
human_translations,69,137,1,-,0
human_translations,69,137,1,-,0
human_translations,69,138,0,-,0
human_translations,69,138,0,onun,1
human_translations,70,139,1,-,0
human_translations,70,139,1,-,0
human_translations,70,140,0,-,0
human_translations,70,140,0,onun,1
human_translations,71,141,1,-,0
human_translations,71,141,1,-,0
human_translations,71,142,0,-,0
human_translations,71,142,0,onun,1
human_translations,72,143,1,-,0
human_translations,72,143,1,-,0
human_translations,72,144,0,-,0
human_translations,72,144,0,onun,1
human_translations,73,145,1,-,0
human_translations,73,145,1,-,0
human_translations,73,146,0,-,0
human_translations,73,146,0,onun,1
human_translations,74,147,1,-,0
human_translations,74,147,1,-,0
human_translations,74,148,0,-,0
human_translations,74,148,0,onun,1
human_translations,75,149,1,-,0
human_translations,75,149,1,-,0
human_translations,75,150,0,-,0
human_translations,75,150,0,onun,1
human_translations,76,151,1,-,0
human_translations,76,151,1,-,0
human_translations,76,152,0,-,0
human_translations,76,152,0,onun,1
human_translations,77,153,1,-,0
human_translations,77,153,1,-,0
human_translations,77,154,0,-,0
human_translations,77,154,0,onun,1
human_translations,78,155,1,-,0
human_translations,78,155,1,-,0
human_translations,78,156,0,-,0
human_translations,78,156,0,onun,1
human_translations,79,157,1,-,0
human_translations,79,157,1,-,0
human_translations,79,158,0,-,0
human_translations,79,158,0,onun,1
human_translations,80,159,1,-,0
human_translations,80,159,1,-,0
human_translations,80,160,0,-,0
human_translations,80,160,0,onun,1
human_translations,81,161,1,-,0
human_translations,81,161,1,-,0
human_translations,81,162,0,-,0
human_translations,81,162,0,onun,1
human_translations,82,163,1,-,0
human_translations,82,163,1,-,0
human_translations,82,164,0,-,0
human_translations,82,164,0,onun,1
human_translations,83,165,1,-,0
human_translations,83,165,1,-,0
human_translations,83,166,0,-,0
human_translations,83,166,0,onun,1
human_translations,84,167,1,-,0
human_translations,84,167,1,-,0
human_translations,84,168,0,-,0
human_translations,84,168,0,onun,1
human_translations,85,169,1,-,0
human_translations,85,169,1,-,0
human_translations,85,170,0,-,0
human_translations,85,170,0,onun,1
human_translations,86,171,1,-,0
human_translations,86,171,1,-,0
human_translations,86,172,0,-,0
human_translations,86,172,0,onun,1
human_translations,87,173,1,-,0
human_translations,87,173,1,-,0
human_translations,87,174,0,-,0
human_translations,87,174,0,onun,1
human_translations,88,175,1,-,0
human_translations,88,175,1,-,0
human_translations,88,176,0,-,0
human_translations,88,176,0,onun,1
human_translations,89,177,1,-,0
human_translations,89,177,1,-,0
human_translations,89,178,0,-,0
human_translations,89,178,0,onun,1
human_translations,90,179,1,-,0
human_translations,90,179,1,-,0
human_translations,90,180,0,-,0
human_translations,90,180,0,onun,1
human_translations,91,181,1,-,0
human_translations,91,181,1,-,0
human_translations,91,182,0,-,0
human_translations,91,182,0,onun,1
human_translations,92,183,1,-,0
human_translations,92,183,1,-,0
human_translations,92,184,0,-,0
human_translations,92,184,0,onun,1
human_translations,93,185,1,-,0
human_translations,93,185,1,-,0
human_translations,93,186,0,-,0
human_translations,93,186,0,onun,1
human_translations,94,187,1,-,0
human_translations,94,187,1,-,0
human_translations,94,188,0,-,0
human_translations,94,188,0,onun,1
human_translations,95,189,1,-,0
human_translations,95,189,1,-,0
human_translations,95,190,0,-,0
human_translations,95,190,0,onun,1
human_translations,96,191,1,-,0
human_translations,96,191,1,-,0
human_translations,96,192,0,-,0
human_translations,96,192,0,onun,1
opus-tatoeba-en-tr,1,1,1,-,0
opus-tatoeba-en-tr,1,2,0,-,0
opus-tatoeba-en-tr,2,3,1,-,0
opus-tatoeba-en-tr,2,4,0,onun,1
opus-tatoeba-en-tr,3,5,1,-,0
opus-tatoeba-en-tr,3,6,0,onun,1
opus-tatoeba-en-tr,4,7,1,-,0
opus-tatoeba-en-tr,4,8,0,-,0
opus-tatoeba-en-tr,5,9,1,-,0
opus-tatoeba-en-tr,5,10,0,onun,1
opus-tatoeba-en-tr,6,11,1,-,0
opus-tatoeba-en-tr,6,12,0,-,0
opus-tatoeba-en-tr,7,13,1,-,0
opus-tatoeba-en-tr,7,14,0,onun,1
opus-tatoeba-en-tr,8,15,1,-,0
opus-tatoeba-en-tr,8,16,0,-,0
opus-tatoeba-en-tr,9,17,1,-,0
opus-tatoeba-en-tr,9,18,0,onun,1
opus-tatoeba-en-tr,10,19,1,-,0
opus-tatoeba-en-tr,10,20,0,-,0
opus-tatoeba-en-tr,11,21,1,-,0
opus-tatoeba-en-tr,11,22,0,-,0
opus-tatoeba-en-tr,12,23,1,-,0
opus-tatoeba-en-tr,12,24,0,-,0
opus-tatoeba-en-tr,13,25,1,-,0
opus-tatoeba-en-tr,13,26,0,-,0
opus-tatoeba-en-tr,14,27,1,-,0
opus-tatoeba-en-tr,14,28,0,-,0
opus-tatoeba-en-tr,15,29,1,-,0
opus-tatoeba-en-tr,15,30,0,-,0
opus-tatoeba-en-tr,16,31,1,-,0
opus-tatoeba-en-tr,16,32,0,-,0
opus-tatoeba-en-tr,17,33,1,-,0
opus-tatoeba-en-tr,17,34,0,-,0
opus-tatoeba-en-tr,18,35,1,-,0
opus-tatoeba-en-tr,18,36,0,-,0
opus-tatoeba-en-tr,19,37,1,-,0
opus-tatoeba-en-tr,19,38,0,-,0
opus-tatoeba-en-tr,20,39,1,-,0
opus-tatoeba-en-tr,20,40,0,-,0
opus-tatoeba-en-tr,21,41,1,-,0
opus-tatoeba-en-tr,21,42,0,-,0
opus-tatoeba-en-tr,22,43,1,-,0
opus-tatoeba-en-tr,22,44,0,-,0
opus-tatoeba-en-tr,23,45,1,-,0
opus-tatoeba-en-tr,23,46,0,-,0
opus-tatoeba-en-tr,24,47,1,-,0
opus-tatoeba-en-tr,24,48,0,-,0
opus-tatoeba-en-tr,25,49,1,-,0
opus-tatoeba-en-tr,25,50,0,-,0
opus-tatoeba-en-tr,26,51,1,-,0
opus-tatoeba-en-tr,26,52,0,onun,1
opus-tatoeba-en-tr,27,53,1,-,0
opus-tatoeba-en-tr,27,54,0,-,0
opus-tatoeba-en-tr,28,55,1,-,0
opus-tatoeba-en-tr,28,56,0,-,0
opus-tatoeba-en-tr,29,57,1,-,0
opus-tatoeba-en-tr,29,58,0,-,0
opus-tatoeba-en-tr,30,59,1,-,0
opus-tatoeba-en-tr,30,60,0,-,0
opus-tatoeba-en-tr,31,61,1,-,0
opus-tatoeba-en-tr,31,62,0,-,0
opus-tatoeba-en-tr,32,63,1,-,0
opus-tatoeba-en-tr,32,64,0,-,0
opus-tatoeba-en-tr,33,65,1,-,0
opus-tatoeba-en-tr,33,66,0,-,0
opus-tatoeba-en-tr,34,67,1,-,0
opus-tatoeba-en-tr,34,68,0,-,0
opus-tatoeba-en-tr,35,69,1,-,0
opus-tatoeba-en-tr,35,70,0,-,0
opus-tatoeba-en-tr,36,71,1,-,0
opus-tatoeba-en-tr,36,72,0,-,0
opus-tatoeba-en-tr,37,73,1,-,0
opus-tatoeba-en-tr,37,74,0,-,0
opus-tatoeba-en-tr,38,75,1,-,0
opus-tatoeba-en-tr,38,76,0,-,0
opus-tatoeba-en-tr,39,77,1,-,0
opus-tatoeba-en-tr,39,78,0,-,0
opus-tatoeba-en-tr,40,79,1,-,0
opus-tatoeba-en-tr,40,80,0,-,0
opus-tatoeba-en-tr,41,81,1,-,0
opus-tatoeba-en-tr,41,82,0,-,0
opus-tatoeba-en-tr,42,83,1,-,0
opus-tatoeba-en-tr,42,84,0,-,0
opus-tatoeba-en-tr,43,85,1,-,0
opus-tatoeba-en-tr,43,86,0,-,0
opus-tatoeba-en-tr,44,87,1,-,0
opus-tatoeba-en-tr,44,88,0,-,0
opus-tatoeba-en-tr,45,89,1,-,0
opus-tatoeba-en-tr,45,90,0,-,0
opus-tatoeba-en-tr,46,91,1,-,0
opus-tatoeba-en-tr,46,92,0,-,0
opus-tatoeba-en-tr,47,93,1,-,0
opus-tatoeba-en-tr,47,94,0,-,0
opus-tatoeba-en-tr,48,95,1,-,0
opus-tatoeba-en-tr,48,96,0,-,0
opus-tatoeba-en-tr,49,97,1,-,0
opus-tatoeba-en-tr,49,98,0,-,0
opus-tatoeba-en-tr,50,99,1,-,0
opus-tatoeba-en-tr,50,100,0,-,0
opus-tatoeba-en-tr,51,101,1,-,0
opus-tatoeba-en-tr,51,102,0,-,0
opus-tatoeba-en-tr,52,103,1,-,0
opus-tatoeba-en-tr,52,103,1,-,0
opus-tatoeba-en-tr,52,104,0,-,0
opus-tatoeba-en-tr,52,104,0,-,0
opus-tatoeba-en-tr,53,105,1,-,0
opus-tatoeba-en-tr,53,105,1,-,0
opus-tatoeba-en-tr,53,106,0,-,0
opus-tatoeba-en-tr,53,106,0,-,0
opus-tatoeba-en-tr,54,107,1,-,0
opus-tatoeba-en-tr,54,107,1,-,0
opus-tatoeba-en-tr,54,108,0,-,0
opus-tatoeba-en-tr,54,108,0,-,0
opus-tatoeba-en-tr,55,109,1,-,0
opus-tatoeba-en-tr,55,109,1,-,0
opus-tatoeba-en-tr,55,110,0,-,0
opus-tatoeba-en-tr,55,110,0,-,0
opus-tatoeba-en-tr,56,111,1,-,0
opus-tatoeba-en-tr,56,111,1,-,0
opus-tatoeba-en-tr,56,112,0,-,0
opus-tatoeba-en-tr,56,112,0,-,0
opus-tatoeba-en-tr,57,113,1,-,0
opus-tatoeba-en-tr,57,113,1,-,0
opus-tatoeba-en-tr,57,114,0,-,0
opus-tatoeba-en-tr,57,114,0,-,0
opus-tatoeba-en-tr,58,115,1,-,0
opus-tatoeba-en-tr,58,115,1,-,0
opus-tatoeba-en-tr,58,116,0,-,0
opus-tatoeba-en-tr,58,116,0,-,0
opus-tatoeba-en-tr,59,117,1,-,0
opus-tatoeba-en-tr,59,117,1,-,0
opus-tatoeba-en-tr,59,118,0,-,0
opus-tatoeba-en-tr,59,118,0,-,0
opus-tatoeba-en-tr,60,119,1,-,0
opus-tatoeba-en-tr,60,119,1,-,0
opus-tatoeba-en-tr,60,120,0,-,0
opus-tatoeba-en-tr,60,120,0,-,0
opus-tatoeba-en-tr,61,121,1,-,0
opus-tatoeba-en-tr,61,121,1,-,0
opus-tatoeba-en-tr,61,122,0,-,0
opus-tatoeba-en-tr,61,122,0,-,0
opus-tatoeba-en-tr,62,123,1,-,0
opus-tatoeba-en-tr,62,123,1,-,0
opus-tatoeba-en-tr,62,124,0,-,0
opus-tatoeba-en-tr,62,124,0,-,0
opus-tatoeba-en-tr,63,125,1,-,0
opus-tatoeba-en-tr,63,125,1,-,0
opus-tatoeba-en-tr,63,126,0,-,0
opus-tatoeba-en-tr,63,126,0,-,0
opus-tatoeba-en-tr,64,127,1,-,0
opus-tatoeba-en-tr,64,127,1,-,0
opus-tatoeba-en-tr,64,128,0,-,0
opus-tatoeba-en-tr,64,128,0,-,0
opus-tatoeba-en-tr,65,129,1,-,0
opus-tatoeba-en-tr,65,129,1,-,0
opus-tatoeba-en-tr,65,130,0,-,0
opus-tatoeba-en-tr,65,130,0,-,0
opus-tatoeba-en-tr,66,131,1,-,0
opus-tatoeba-en-tr,66,131,1,-,0
opus-tatoeba-en-tr,66,132,0,-,0
opus-tatoeba-en-tr,66,132,0,-,0
opus-tatoeba-en-tr,67,133,1,-,0
opus-tatoeba-en-tr,67,133,1,-,0
opus-tatoeba-en-tr,67,134,0,-,0
opus-tatoeba-en-tr,67,134,0,-,0
opus-tatoeba-en-tr,68,135,1,-,0
opus-tatoeba-en-tr,68,135,1,-,0
opus-tatoeba-en-tr,68,136,0,-,0
opus-tatoeba-en-tr,68,136,0,-,0
opus-tatoeba-en-tr,69,137,1,-,0
opus-tatoeba-en-tr,69,137,1,-,0
opus-tatoeba-en-tr,69,138,0,-,0
opus-tatoeba-en-tr,69,138,0,-,0
opus-tatoeba-en-tr,70,139,1,-,0
opus-tatoeba-en-tr,70,139,1,-,0
opus-tatoeba-en-tr,70,140,0,-,0
opus-tatoeba-en-tr,70,140,0,-,0
opus-tatoeba-en-tr,71,141,1,-,0
opus-tatoeba-en-tr,71,141,1,-,0
opus-tatoeba-en-tr,71,142,0,-,0
opus-tatoeba-en-tr,71,142,0,-,0
opus-tatoeba-en-tr,72,143,1,-,0
opus-tatoeba-en-tr,72,143,1,-,0
opus-tatoeba-en-tr,72,144,0,-,0
opus-tatoeba-en-tr,72,144,0,-,0
opus-tatoeba-en-tr,73,145,1,-,0
opus-tatoeba-en-tr,73,145,1,-,0
opus-tatoeba-en-tr,73,146,0,-,0
opus-tatoeba-en-tr,73,146,0,-,0
opus-tatoeba-en-tr,74,147,1,-,0
opus-tatoeba-en-tr,74,147,1,-,0
opus-tatoeba-en-tr,74,148,0,-,0
opus-tatoeba-en-tr,74,148,0,-,0
opus-tatoeba-en-tr,75,149,1,-,0
opus-tatoeba-en-tr,75,149,1,-,0
opus-tatoeba-en-tr,75,150,0,-,0
opus-tatoeba-en-tr,75,150,0,-,0
opus-tatoeba-en-tr,76,151,1,-,0
opus-tatoeba-en-tr,76,151,1,-,0
opus-tatoeba-en-tr,76,152,0,-,0
opus-tatoeba-en-tr,76,152,0,-,0
opus-tatoeba-en-tr,77,153,1,-,0
opus-tatoeba-en-tr,77,153,1,-,0
opus-tatoeba-en-tr,77,154,0,-,0
opus-tatoeba-en-tr,77,154,0,-,0
opus-tatoeba-en-tr,78,155,1,-,0
opus-tatoeba-en-tr,78,155,1,-,0
opus-tatoeba-en-tr,78,156,0,-,0
opus-tatoeba-en-tr,78,156,0,-,0
opus-tatoeba-en-tr,79,157,1,-,0
opus-tatoeba-en-tr,79,157,1,-,0
opus-tatoeba-en-tr,79,158,0,-,0
opus-tatoeba-en-tr,79,158,0,-,0
opus-tatoeba-en-tr,80,159,1,-,0
opus-tatoeba-en-tr,80,159,1,-,0
opus-tatoeba-en-tr,80,160,0,-,0
opus-tatoeba-en-tr,80,160,0,-,0
opus-tatoeba-en-tr,81,161,1,-,0
opus-tatoeba-en-tr,81,161,1,-,0
opus-tatoeba-en-tr,81,162,0,-,0
opus-tatoeba-en-tr,81,162,0,-,0
opus-tatoeba-en-tr,82,163,1,-,0
opus-tatoeba-en-tr,82,163,1,-,0
opus-tatoeba-en-tr,82,164,0,-,0
opus-tatoeba-en-tr,82,164,0,-,0
opus-tatoeba-en-tr,83,165,1,-,0
opus-tatoeba-en-tr,83,165,1,-,0
opus-tatoeba-en-tr,83,166,0,-,0
opus-tatoeba-en-tr,83,166,0,-,0
opus-tatoeba-en-tr,84,167,1,-,0
opus-tatoeba-en-tr,84,167,1,-,0
opus-tatoeba-en-tr,84,168,0,-,0
opus-tatoeba-en-tr,84,168,0,-,0
opus-tatoeba-en-tr,85,169,1,-,0
opus-tatoeba-en-tr,85,169,1,-,0
opus-tatoeba-en-tr,85,170,0,-,0
opus-tatoeba-en-tr,85,170,0,-,0
opus-tatoeba-en-tr,86,171,1,-,0
opus-tatoeba-en-tr,86,171,1,-,0
opus-tatoeba-en-tr,86,172,0,-,0
opus-tatoeba-en-tr,86,172,0,-,0
opus-tatoeba-en-tr,87,173,1,-,0
opus-tatoeba-en-tr,87,173,1,-,0
opus-tatoeba-en-tr,87,174,0,-,0
opus-tatoeba-en-tr,87,174,0,-,0
opus-tatoeba-en-tr,88,175,1,-,0
opus-tatoeba-en-tr,88,175,1,-,0
opus-tatoeba-en-tr,88,176,0,-,0
opus-tatoeba-en-tr,88,176,0,-,0
opus-tatoeba-en-tr,89,177,1,-,0
opus-tatoeba-en-tr,89,177,1,-,0
opus-tatoeba-en-tr,89,178,0,-,0
opus-tatoeba-en-tr,89,178,0,-,0
opus-tatoeba-en-tr,90,179,1,o,1
opus-tatoeba-en-tr,90,179,1,-,0
opus-tatoeba-en-tr,90,180,0,o,1
opus-tatoeba-en-tr,90,180,0,-,0
opus-tatoeba-en-tr,91,181,1,-,0
opus-tatoeba-en-tr,91,181,1,-,0
opus-tatoeba-en-tr,91,182,0,-,0
opus-tatoeba-en-tr,91,182,0,-,0
opus-tatoeba-en-tr,92,183,1,-,0
opus-tatoeba-en-tr,92,183,1,-,0
opus-tatoeba-en-tr,92,184,0,-,0
opus-tatoeba-en-tr,92,184,0,onun,1
opus-tatoeba-en-tr,93,185,1,-,0
opus-tatoeba-en-tr,93,185,1,-,0
opus-tatoeba-en-tr,93,186,0,-,0
opus-tatoeba-en-tr,93,186,0,onun,1
opus-tatoeba-en-tr,94,187,1,-,0
opus-tatoeba-en-tr,94,187,1,-,0
opus-tatoeba-en-tr,94,188,0,-,0
opus-tatoeba-en-tr,94,188,0,-,0
opus-tatoeba-en-tr,95,189,1,-,0
opus-tatoeba-en-tr,95,189,1,-,0
opus-tatoeba-en-tr,95,190,0,-,0
opus-tatoeba-en-tr,95,190,0,-,0
opus-tatoeba-en-tr,96,191,1,-,0
opus-tatoeba-en-tr,96,191,1,-,0
opus-tatoeba-en-tr,96,192,0,-,0
opus-tatoeba-en-tr,96,192,0,-,0
m2m100-418M,1,1,1,-,0
m2m100-418M,1,2,0,-,0
m2m100-418M,2,3,1,-,0
m2m100-418M,2,4,0,-,0
m2m100-418M,3,5,1,-,0
m2m100-418M,3,6,0,-,0
m2m100-418M,4,7,1,-,0
m2m100-418M,4,8,0,-,0
m2m100-418M,5,9,1,-,0
m2m100-418M,5,10,0,-,0
m2m100-418M,6,11,1,-,0
m2m100-418M,6,12,0,-,0
m2m100-418M,7,13,1,-,0
m2m100-418M,7,14,0,-,0
m2m100-418M,8,15,1,-,0
m2m100-418M,8,16,0,-,0
m2m100-418M,9,17,1,-,0
m2m100-418M,9,18,0,-,0
m2m100-418M,10,19,1,-,0
m2m100-418M,10,20,0,-,0
m2m100-418M,11,21,1,-,0
m2m100-418M,11,22,0,-,0
m2m100-418M,12,23,1,-,0
m2m100-418M,12,24,0,-,0
m2m100-418M,13,25,1,-,0
m2m100-418M,13,26,0,-,0
m2m100-418M,14,27,1,-,0
m2m100-418M,14,28,0,-,0
m2m100-418M,15,29,1,-,0
m2m100-418M,15,30,0,-,0
m2m100-418M,16,31,1,-,0
m2m100-418M,16,32,0,-,0
m2m100-418M,17,33,1,-,0
m2m100-418M,17,34,0,-,0
m2m100-418M,18,35,1,-,0
m2m100-418M,18,36,0,-,0
m2m100-418M,19,37,1,-,0
m2m100-418M,19,38,0,-,0
m2m100-418M,20,39,1,-,0
m2m100-418M,20,40,0,-,0
m2m100-418M,21,41,1,-,0
m2m100-418M,21,42,0,-,0
m2m100-418M,22,43,1,-,0
m2m100-418M,22,44,0,-,0
m2m100-418M,23,45,1,-,0
m2m100-418M,23,46,0,-,0
m2m100-418M,24,47,1,-,0
m2m100-418M,24,48,0,-,0
m2m100-418M,25,49,1,-,0
m2m100-418M,25,50,0,-,0
m2m100-418M,26,51,1,-,0
m2m100-418M,26,52,0,-,0
m2m100-418M,27,53,1,-,0
m2m100-418M,27,54,0,-,0
m2m100-418M,28,55,1,-,0
m2m100-418M,28,56,0,-,0
m2m100-418M,29,57,1,-,0
m2m100-418M,29,58,0,-,0
m2m100-418M,30,59,1,-,0
m2m100-418M,30,60,0,-,0
m2m100-418M,31,61,1,-,0
m2m100-418M,31,62,0,-,0
m2m100-418M,32,63,1,-,0
m2m100-418M,32,64,0,-,0
m2m100-418M,33,65,1,-,0
m2m100-418M,33,66,0,-,0
m2m100-418M,34,67,1,-,0
m2m100-418M,34,68,0,-,0
m2m100-418M,35,69,1,-,0
m2m100-418M,35,70,0,-,0
m2m100-418M,36,71,1,-,0
m2m100-418M,36,72,0,-,0
m2m100-418M,37,73,1,-,0
m2m100-418M,37,74,0,-,0
m2m100-418M,38,75,1,-,0
m2m100-418M,38,76,0,-,0
m2m100-418M,39,77,1,-,0
m2m100-418M,39,78,0,-,0
m2m100-418M,40,79,1,-,0
m2m100-418M,40,80,0,-,0
m2m100-418M,41,81,1,-,0
m2m100-418M,41,82,0,-,0
m2m100-418M,42,83,1,-,0
m2m100-418M,42,84,0,-,0
m2m100-418M,43,85,1,-,0
m2m100-418M,43,86,0,-,0
m2m100-418M,44,87,1,-,0
m2m100-418M,44,88,0,-,0
m2m100-418M,45,89,1,-,0
m2m100-418M,45,90,0,-,0
m2m100-418M,46,91,1,-,0
m2m100-418M,46,92,0,-,0
m2m100-418M,47,93,1,-,0
m2m100-418M,47,94,0,-,0
m2m100-418M,48,95,1,-,0
m2m100-418M,48,96,0,-,0
m2m100-418M,49,97,1,-,0
m2m100-418M,49,98,0,-,0
m2m100-418M,50,99,1,-,0
m2m100-418M,50,100,0,-,0
m2m100-418M,51,101,1,-,0
m2m100-418M,51,102,0,-,0
m2m100-418M,52,103,1,-,0
m2m100-418M,52,103,1,-,0
m2m100-418M,52,104,0,-,0
m2m100-418M,52,104,0,-,0
m2m100-418M,53,105,1,-,0
m2m100-418M,53,105,1,kendisinin,1
m2m100-418M,53,106,0,-,0
m2m100-418M,53,106,0,onun,1
m2m100-418M,54,107,1,-,0
m2m100-418M,54,107,1,-,0
m2m100-418M,54,108,0,-,0
m2m100-418M,54,108,0,kendisinin,1
m2m100-418M,55,109,1,-,0
m2m100-418M,55,109,1,-,0
m2m100-418M,55,110,0,-,0
m2m100-418M,55,110,0,-,0
m2m100-418M,56,111,1,-,0
m2m100-418M,56,111,1,-,0
m2m100-418M,56,112,0,-,0
m2m100-418M,56,112,0,-,0
m2m100-418M,57,113,1,-,0
m2m100-418M,57,113,1,-,0
m2m100-418M,57,114,0,-,0
m2m100-418M,57,114,0,-,0
m2m100-418M,58,115,1,-,0
m2m100-418M,58,115,1,-,0
m2m100-418M,58,116,0,-,0
m2m100-418M,58,116,0,-,0
m2m100-418M,59,117,1,-,0
m2m100-418M,59,117,1,-,0
m2m100-418M,59,118,0,-,0
m2m100-418M,59,118,0,-,0
m2m100-418M,60,119,1,-,0
m2m100-418M,60,119,1,-,0
m2m100-418M,60,120,0,-,0
m2m100-418M,60,120,0,-,0
m2m100-418M,61,121,1,-,0
m2m100-418M,61,121,1,-,0
m2m100-418M,61,122,0,-,0
m2m100-418M,61,122,0,-,0
m2m100-418M,62,123,1,-,0
m2m100-418M,62,123,1,-,0
m2m100-418M,62,124,0,-,0
m2m100-418M,62,124,0,-,0
m2m100-418M,63,125,1,-,0
m2m100-418M,63,125,1,-,0
m2m100-418M,63,126,0,-,0
m2m100-418M,63,126,0,-,0
m2m100-418M,64,127,1,-,0
m2m100-418M,64,127,1,-,0
m2m100-418M,64,128,0,-,0
m2m100-418M,64,128,0,-,0
m2m100-418M,65,129,1,-,0
m2m100-418M,65,129,1,-,0
m2m100-418M,65,130,0,-,0
m2m100-418M,65,130,0,-,0
m2m100-418M,66,131,1,-,0
m2m100-418M,66,131,1,-,0
m2m100-418M,66,132,0,-,0
m2m100-418M,66,132,0,-,0
m2m100-418M,67,133,1,-,0
m2m100-418M,67,133,1,-,0
m2m100-418M,67,134,0,-,0
m2m100-418M,67,134,0,-,0
m2m100-418M,68,135,1,-,0
m2m100-418M,68,135,1,-,0
m2m100-418M,68,136,0,-,0
m2m100-418M,68,136,0,-,0
m2m100-418M,69,137,1,-,0
m2m100-418M,69,137,1,-,0
m2m100-418M,69,138,0,-,0
m2m100-418M,69,138,0,-,0
m2m100-418M,70,139,1,-,0
m2m100-418M,70,139,1,-,0
m2m100-418M,70,140,0,-,0
m2m100-418M,70,140,0,-,0
m2m100-418M,71,141,1,-,0
m2m100-418M,71,141,1,-,0
m2m100-418M,71,142,0,-,0
m2m100-418M,71,142,0,-,0
m2m100-418M,72,143,1,-,0
m2m100-418M,72,143,1,-,0
m2m100-418M,72,144,0,-,0
m2m100-418M,72,144,0,-,0
m2m100-418M,73,145,1,-,0
m2m100-418M,73,145,1,-,0
m2m100-418M,73,146,0,-,0
m2m100-418M,73,146,0,-,0
m2m100-418M,74,147,1,-,0
m2m100-418M,74,147,1,-,0
m2m100-418M,74,148,0,-,0
m2m100-418M,74,148,0,-,0
m2m100-418M,75,149,1,-,0
m2m100-418M,75,149,1,-,0
m2m100-418M,75,150,0,-,0
m2m100-418M,75,150,0,-,0
m2m100-418M,76,151,1,-,0
m2m100-418M,76,151,1,-,0
m2m100-418M,76,152,0,-,0
m2m100-418M,76,152,0,-,0
m2m100-418M,77,153,1,-,0
m2m100-418M,77,153,1,-,0
m2m100-418M,77,154,0,-,0
m2m100-418M,77,154,0,-,0
m2m100-418M,78,155,1,-,0
m2m100-418M,78,155,1,-,0
m2m100-418M,78,156,0,-,0
m2m100-418M,78,156,0,-,0
m2m100-418M,79,157,1,-,0
m2m100-418M,79,157,1,-,0
m2m100-418M,79,158,0,-,0
m2m100-418M,79,158,0,-,0
m2m100-418M,80,159,1,-,0
m2m100-418M,80,159,1,-,0
m2m100-418M,80,160,0,-,0
m2m100-418M,80,160,0,-,0
m2m100-418M,81,161,1,-,0
m2m100-418M,81,161,1,-,0
m2m100-418M,81,162,0,-,0
m2m100-418M,81,162,0,-,0
m2m100-418M,82,163,1,-,0
m2m100-418M,82,163,1,-,0
m2m100-418M,82,164,0,-,0
m2m100-418M,82,164,0,-,0
m2m100-418M,83,165,1,-,0
m2m100-418M,83,165,1,-,0
m2m100-418M,83,166,0,-,0
m2m100-418M,83,166,0,-,0
m2m100-418M,84,167,1,-,0
m2m100-418M,84,167,1,-,0
m2m100-418M,84,168,0,-,0
m2m100-418M,84,168,0,-,0
m2m100-418M,85,169,1,-,0
m2m100-418M,85,169,1,-,0
m2m100-418M,85,170,0,-,0
m2m100-418M,85,170,0,-,0
m2m100-418M,86,171,1,-,0
m2m100-418M,86,171,1,-,0
m2m100-418M,86,172,0,-,0
m2m100-418M,86,172,0,-,0
m2m100-418M,87,173,1,-,0
m2m100-418M,87,173,1,-,0
m2m100-418M,87,174,0,-,0
m2m100-418M,87,174,0,-,0
m2m100-418M,88,175,1,-,0
m2m100-418M,88,175,1,-,0
m2m100-418M,88,176,0,-,0
m2m100-418M,88,176,0,-,0
m2m100-418M,89,177,1,-,0
m2m100-418M,89,177,1,-,0
m2m100-418M,89,178,0,-,0
m2m100-418M,89,178,0,-,0
m2m100-418M,90,179,1,-,0
m2m100-418M,90,179,1,-,0
m2m100-418M,90,180,0,-,0
m2m100-418M,90,180,0,-,0
m2m100-418M,91,181,1,-,0
m2m100-418M,91,181,1,-,0
m2m100-418M,91,182,0,-,0
m2m100-418M,91,182,0,-,0
m2m100-418M,92,183,1,-,0
m2m100-418M,92,183,1,-,0
m2m100-418M,92,184,0,-,0
m2m100-418M,92,184,0,-,0
m2m100-418M,93,185,1,-,0
m2m100-418M,93,185,1,-,0
m2m100-418M,93,186,0,-,0
m2m100-418M,93,186,0,-,0
m2m100-418M,94,187,1,-,0
m2m100-418M,94,187,1,-,0
m2m100-418M,94,188,0,-,0
m2m100-418M,94,188,0,-,0
m2m100-418M,95,189,1,-,0
m2m100-418M,95,189,1,-,0
m2m100-418M,95,190,0,-,0
m2m100-418M,95,190,0,-,0
m2m100-418M,96,191,1,-,0
m2m100-418M,96,191,1,-,0
m2m100-418M,96,192,0,-,0
m2m100-418M,96,192,0,-,0
NLLB200-3.3B,1,1,1,-,0
NLLB200-3.3B,1,2,0,onun,1
NLLB200-3.3B,2,3,1,-,0
NLLB200-3.3B,2,4,0,-,0
NLLB200-3.3B,3,5,1,-,0
NLLB200-3.3B,3,6,0,onun,1
NLLB200-3.3B,4,7,1,-,0
NLLB200-3.3B,4,8,0,onun,1
NLLB200-3.3B,5,9,1,-,0
NLLB200-3.3B,5,10,0,onun,1
NLLB200-3.3B,6,11,1,-,0
NLLB200-3.3B,6,12,0,onun,1
NLLB200-3.3B,7,13,1,-,0
NLLB200-3.3B,7,14,0,-,0
NLLB200-3.3B,8,15,1,-,0
NLLB200-3.3B,8,16,0,-,0
NLLB200-3.3B,9,17,1,-,0
NLLB200-3.3B,9,18,0,onun,1
NLLB200-3.3B,10,19,1,-,0
NLLB200-3.3B,10,20,0,onun,1
NLLB200-3.3B,11,21,1,-,0
NLLB200-3.3B,11,22,0,-,0
NLLB200-3.3B,12,23,1,-,0
NLLB200-3.3B,12,24,0,-,0
NLLB200-3.3B,13,25,1,-,0
NLLB200-3.3B,13,26,0,onun,1
NLLB200-3.3B,14,27,1,-,0
NLLB200-3.3B,14,28,0,-,0
NLLB200-3.3B,15,29,1,-,0
NLLB200-3.3B,15,30,0,-,0
NLLB200-3.3B,16,31,1,-,0
NLLB200-3.3B,16,32,0,onun,1
NLLB200-3.3B,17,33,1,-,0
NLLB200-3.3B,17,34,0,-,0
NLLB200-3.3B,18,35,1,-,0
NLLB200-3.3B,18,36,0,-,0
NLLB200-3.3B,19,37,1,-,0
NLLB200-3.3B,19,38,0,-,0
NLLB200-3.3B,20,39,1,-,0
NLLB200-3.3B,20,40,0,-,0
NLLB200-3.3B,21,41,1,-,0
NLLB200-3.3B,21,42,0,-,0
NLLB200-3.3B,22,43,1,-,0
NLLB200-3.3B,22,44,0,-,0
NLLB200-3.3B,23,45,1,-,0
NLLB200-3.3B,23,46,0,-,0
NLLB200-3.3B,24,47,1,-,0
NLLB200-3.3B,24,48,0,-,0
NLLB200-3.3B,25,49,1,-,0
NLLB200-3.3B,25,50,0,onun,1
NLLB200-3.3B,26,51,1,-,0
NLLB200-3.3B,26,52,0,-,0
NLLB200-3.3B,27,53,1,-,0
NLLB200-3.3B,27,54,0,-,0
NLLB200-3.3B,28,55,1,-,0
NLLB200-3.3B,28,56,0,-,0
NLLB200-3.3B,29,57,1,-,0
NLLB200-3.3B,29,58,0,-,0
NLLB200-3.3B,30,59,1,-,0
NLLB200-3.3B,30,60,0,onun,1
NLLB200-3.3B,31,61,1,-,0
NLLB200-3.3B,31,62,0,-,0
NLLB200-3.3B,32,63,1,-,0
NLLB200-3.3B,32,64,0,-,0
NLLB200-3.3B,33,65,1,-,0
NLLB200-3.3B,33,66,0,-,0
NLLB200-3.3B,34,67,1,-,0
NLLB200-3.3B,34,68,0,-,0
NLLB200-3.3B,35,69,1,-,0
NLLB200-3.3B,35,70,0,-,0
NLLB200-3.3B,36,71,1,-,0
NLLB200-3.3B,36,72,0,-,0
NLLB200-3.3B,37,73,1,-,0
NLLB200-3.3B,37,74,0,-,0
NLLB200-3.3B,38,75,1,-,0
NLLB200-3.3B,38,76,0,-,0
NLLB200-3.3B,39,77,1,-,0
NLLB200-3.3B,39,78,0,-,0
NLLB200-3.3B,40,79,1,-,0
NLLB200-3.3B,40,80,0,-,0
NLLB200-3.3B,41,81,1,-,0
NLLB200-3.3B,41,82,0,-,0
NLLB200-3.3B,42,83,1,-,0
NLLB200-3.3B,42,84,0,-,0
NLLB200-3.3B,43,85,1,-,0
NLLB200-3.3B,43,86,0,onun,1
NLLB200-3.3B,44,87,1,-,0
NLLB200-3.3B,44,88,0,-,0
NLLB200-3.3B,45,89,1,-,0
NLLB200-3.3B,45,90,0,-,0
NLLB200-3.3B,46,91,1,-,0
NLLB200-3.3B,46,92,0,-,0
NLLB200-3.3B,47,93,1,-,0
NLLB200-3.3B,47,94,0,-,0
NLLB200-3.3B,48,95,1,-,0
NLLB200-3.3B,48,96,0,-,0
NLLB200-3.3B,49,97,1,-,0
NLLB200-3.3B,49,98,0,-,0
NLLB200-3.3B,50,99,1,-,0
NLLB200-3.3B,50,100,0,-,0
NLLB200-3.3B,51,101,1,-,0
NLLB200-3.3B,51,102,0,onun,1
NLLB200-3.3B,52,103,1,-,0
NLLB200-3.3B,52,103,1,-,0
NLLB200-3.3B,52,104,0,-,0
NLLB200-3.3B,52,104,0,-,0
NLLB200-3.3B,53,105,1,o,1
NLLB200-3.3B,53,105,1,-,0
NLLB200-3.3B,53,106,0,-,0
NLLB200-3.3B,53,106,0,onun,1
NLLB200-3.3B,54,107,1,-,0
NLLB200-3.3B,54,107,1,-,0
NLLB200-3.3B,54,108,0,o,1
NLLB200-3.3B,54,108,0,-,0
NLLB200-3.3B,55,109,1,-,0
NLLB200-3.3B,55,109,1,-,0
NLLB200-3.3B,55,110,0,-,0
NLLB200-3.3B,55,110,0,onun,1
NLLB200-3.3B,56,111,1,-,0
NLLB200-3.3B,56,111,1,-,0
NLLB200-3.3B,56,112,0,-,0
NLLB200-3.3B,56,112,0,-,0
NLLB200-3.3B,57,113,1,-,0
NLLB200-3.3B,57,113,1,-,0
NLLB200-3.3B,57,114,0,-,0
NLLB200-3.3B,57,114,0,-,0
NLLB200-3.3B,58,115,1,-,0
NLLB200-3.3B,58,115,1,-,0
NLLB200-3.3B,58,116,0,-,0
NLLB200-3.3B,58,116,0,-,0
NLLB200-3.3B,59,117,1,-,0
NLLB200-3.3B,59,117,1,-,0
NLLB200-3.3B,59,118,0,o,1
NLLB200-3.3B,59,118,0,-,0
NLLB200-3.3B,60,119,1,-,0
NLLB200-3.3B,60,119,1,-,0
NLLB200-3.3B,60,120,0,-,0
NLLB200-3.3B,60,120,0,onun,1
NLLB200-3.3B,61,121,1,o,1
NLLB200-3.3B,61,121,1,-,0
NLLB200-3.3B,61,122,0,o,1
NLLB200-3.3B,61,122,0,-,0
NLLB200-3.3B,62,123,1,o,1
NLLB200-3.3B,62,123,1,-,0
NLLB200-3.3B,62,124,0,o,1
NLLB200-3.3B,62,124,0,-,0
NLLB200-3.3B,63,125,1,-,0
NLLB200-3.3B,63,125,1,-,0
NLLB200-3.3B,63,126,0,o,1
NLLB200-3.3B,63,126,0,-,0
NLLB200-3.3B,64,127,1,o,1
NLLB200-3.3B,64,127,1,-,0
NLLB200-3.3B,64,128,0,o,1
NLLB200-3.3B,64,128,0,-,0
NLLB200-3.3B,65,129,1,-,0
NLLB200-3.3B,65,129,1,-,0
NLLB200-3.3B,65,130,0,o,1
NLLB200-3.3B,65,130,0,-,0
NLLB200-3.3B,66,131,1,o,1
NLLB200-3.3B,66,131,1,-,0
NLLB200-3.3B,66,132,0,o,1
NLLB200-3.3B,66,132,0,-,0
NLLB200-3.3B,67,133,1,o,1
NLLB200-3.3B,67,133,1,-,0
NLLB200-3.3B,67,134,0,o,1
NLLB200-3.3B,67,134,0,onun,1
NLLB200-3.3B,68,135,1,-,0
NLLB200-3.3B,68,135,1,-,0
NLLB200-3.3B,68,136,0,-,0
NLLB200-3.3B,68,136,0,-,0
NLLB200-3.3B,69,137,1,-,0
NLLB200-3.3B,69,137,1,-,0
NLLB200-3.3B,69,138,0,-,0
NLLB200-3.3B,69,138,0,-,0
NLLB200-3.3B,70,139,1,-,0
NLLB200-3.3B,70,139,1,-,0
NLLB200-3.3B,70,140,0,-,0
NLLB200-3.3B,70,140,0,-,0
NLLB200-3.3B,71,141,1,-,0
NLLB200-3.3B,71,141,1,-,0
NLLB200-3.3B,71,142,0,-,0
NLLB200-3.3B,71,142,0,-,0
NLLB200-3.3B,72,143,1,-,0
NLLB200-3.3B,72,143,1,-,0
NLLB200-3.3B,72,144,0,-,0
NLLB200-3.3B,72,144,0,-,0
NLLB200-3.3B,73,145,1,o,1
NLLB200-3.3B,73,145,1,-,0
NLLB200-3.3B,73,146,0,o,1
NLLB200-3.3B,73,146,0,onun,1
NLLB200-3.3B,74,147,1,-,0
NLLB200-3.3B,74,147,1,-,0
NLLB200-3.3B,74,148,0,-,0
NLLB200-3.3B,74,148,0,-,0
NLLB200-3.3B,75,149,1,-,0
NLLB200-3.3B,75,149,1,-,0
NLLB200-3.3B,75,150,0,-,0
NLLB200-3.3B,75,150,0,-,0
NLLB200-3.3B,76,151,1,-,0
NLLB200-3.3B,76,151,1,-,0
NLLB200-3.3B,76,152,0,-,0
NLLB200-3.3B,76,152,0,-,0
NLLB200-3.3B,77,153,1,-,0
NLLB200-3.3B,77,153,1,-,0
NLLB200-3.3B,77,154,0,-,0
NLLB200-3.3B,77,154,0,-,0
NLLB200-3.3B,78,155,1,-,0
NLLB200-3.3B,78,155,1,-,0
NLLB200-3.3B,78,156,0,-,0
NLLB200-3.3B,78,156,0,-,0
NLLB200-3.3B,79,157,1,-,0
NLLB200-3.3B,79,157,1,-,0
NLLB200-3.3B,79,158,0,-,0
NLLB200-3.3B,79,158,0,-,0
NLLB200-3.3B,80,159,1,-,0
NLLB200-3.3B,80,159,1,-,0
NLLB200-3.3B,80,160,0,o,1
NLLB200-3.3B,80,160,0,-,0
NLLB200-3.3B,81,161,1,-,0
NLLB200-3.3B,81,161,1,-,0
NLLB200-3.3B,81,162,0,o,1
NLLB200-3.3B,81,162,0,-,0
NLLB200-3.3B,82,163,1,-,0
NLLB200-3.3B,82,163,1,-,0
NLLB200-3.3B,82,164,0,-,0
NLLB200-3.3B,82,164,0,onun,1
NLLB200-3.3B,83,165,1,-,0
NLLB200-3.3B,83,165,1,-,0
NLLB200-3.3B,83,166,0,-,0
NLLB200-3.3B,83,166,0,-,0
NLLB200-3.3B,84,167,1,-,0
NLLB200-3.3B,84,167,1,-,0
NLLB200-3.3B,84,168,0,-,0
NLLB200-3.3B,84,168,0,-,0
NLLB200-3.3B,85,169,1,-,0
NLLB200-3.3B,85,169,1,-,0
NLLB200-3.3B,85,170,0,-,0
NLLB200-3.3B,85,170,0,-,0
NLLB200-3.3B,86,171,1,-,0
NLLB200-3.3B,86,171,1,-,0
NLLB200-3.3B,86,172,0,-,0
NLLB200-3.3B,86,172,0,-,0
NLLB200-3.3B,87,173,1,o,1
NLLB200-3.3B,87,173,1,-,0
NLLB200-3.3B,87,174,0,o,1
NLLB200-3.3B,87,174,0,-,0
NLLB200-3.3B,88,175,1,-,0
NLLB200-3.3B,88,175,1,-,0
NLLB200-3.3B,88,176,0,-,0
NLLB200-3.3B,88,176,0,onun,1
NLLB200-3.3B,89,177,1,-,0
NLLB200-3.3B,89,177,1,-,0
NLLB200-3.3B,89,178,0,-,0
NLLB200-3.3B,89,178,0,-,0
NLLB200-3.3B,90,179,1,o,1
NLLB200-3.3B,90,179,1,-,0
NLLB200-3.3B,90,180,0,o,1
NLLB200-3.3B,90,180,0,-,0
NLLB200-3.3B,91,181,1,-,0
NLLB200-3.3B,91,181,1,-,0
NLLB200-3.3B,91,182,0,-,0
NLLB200-3.3B,91,182,0,-,0
NLLB200-3.3B,92,183,1,-,0
NLLB200-3.3B,92,183,1,-,0
NLLB200-3.3B,92,184,0,o,1
NLLB200-3.3B,92,184,0,-,0
NLLB200-3.3B,93,185,1,o,1
NLLB200-3.3B,93,185,1,-,0
NLLB200-3.3B,93,186,0,o,1
NLLB200-3.3B,93,186,0,-,0
NLLB200-3.3B,94,187,1,o,1
NLLB200-3.3B,94,187,1,-,0
NLLB200-3.3B,94,188,0,-,0
NLLB200-3.3B,94,188,0,-,0
NLLB200-3.3B,95,189,1,-,0
NLLB200-3.3B,95,189,1,-,0
NLLB200-3.3B,95,190,0,-,0
NLLB200-3.3B,95,190,0,-,0
NLLB200-3.3B,96,191,1,o,1
NLLB200-3.3B,96,191,1,-,0
NLLB200-3.3B,96,192,0,o,1
NLLB200-3.3B,96,192,0,-,0
translategemma-4b,1,1,1,-,0
translategemma-4b,1,2,0,-,0
translategemma-4b,2,3,1,-,0
translategemma-4b,2,4,0,-,0
translategemma-4b,3,5,1,-,0
translategemma-4b,3,6,0,onun,1
translategemma-4b,4,7,1,-,0
translategemma-4b,4,8,0,onun,1
translategemma-4b,5,9,1,-,0
translategemma-4b,5,10,0,onun,1
translategemma-4b,6,11,1,-,0
translategemma-4b,6,12,0,onun,1
translategemma-4b,7,13,1,-,0
translategemma-4b,7,14,0,onun,1
translategemma-4b,8,15,1,-,0
translategemma-4b,8,16,0,onun,1
translategemma-4b,9,17,1,-,0
translategemma-4b,9,18,0,onun,1
translategemma-4b,10,19,1,-,0
translategemma-4b,10,20,0,onun,1
translategemma-4b,11,21,1,-,0
translategemma-4b,11,22,0,o'nun,1
translategemma-4b,12,23,1,-,0
translategemma-4b,12,24,0,-,0
translategemma-4b,13,25,1,-,0
translategemma-4b,13,26,0,onun,1
translategemma-4b,14,27,1,-,0
translategemma-4b,14,28,0,-,0
translategemma-4b,15,29,1,-,0
translategemma-4b,15,30,0,-,0
translategemma-4b,16,31,1,-,0
translategemma-4b,16,32,0,-,0
translategemma-4b,17,33,1,-,0
translategemma-4b,17,34,0,-,0
translategemma-4b,18,35,1,-,0
translategemma-4b,18,36,0,-,0
translategemma-4b,19,37,1,-,0
translategemma-4b,19,38,0,-,0
translategemma-4b,20,39,1,-,0
translategemma-4b,20,40,0,-,0
translategemma-4b,21,41,1,-,0
translategemma-4b,21,42,0,-,0
translategemma-4b,22,43,1,-,0
translategemma-4b,22,44,0,-,0
translategemma-4b,23,45,1,-,0
translategemma-4b,23,46,0,-,0
translategemma-4b,24,47,1,-,0
translategemma-4b,24,48,0,-,0
translategemma-4b,25,49,1,-,0
translategemma-4b,25,50,0,-,0
translategemma-4b,26,51,1,-,0
translategemma-4b,26,52,0,-,0
translategemma-4b,27,53,1,-,0
translategemma-4b,27,54,0,onun,1
translategemma-4b,28,55,1,-,0
translategemma-4b,28,56,0,-,0
translategemma-4b,29,57,1,-,0
translategemma-4b,29,58,0,-,0
translategemma-4b,30,59,1,-,0
translategemma-4b,30,60,0,-,0
translategemma-4b,31,61,1,-,0
translategemma-4b,31,62,0,-,0
translategemma-4b,32,63,1,-,0
translategemma-4b,32,64,0,-,0
translategemma-4b,33,65,1,-,0
translategemma-4b,33,66,0,onun,1
translategemma-4b,34,67,1,-,0
translategemma-4b,34,68,0,-,0
translategemma-4b,35,69,1,-,0
translategemma-4b,35,70,0,o'nun,1
translategemma-4b,36,71,1,-,0
translategemma-4b,36,72,0,-,0
translategemma-4b,37,73,1,-,0
translategemma-4b,37,74,0,-,0
translategemma-4b,38,75,1,-,0
translategemma-4b,38,76,0,-,0
translategemma-4b,39,77,1,-,0
translategemma-4b,39,78,0,-,0
translategemma-4b,40,79,1,-,0
translategemma-4b,40,80,0,-,0
translategemma-4b,41,81,1,-,0
translategemma-4b,41,82,0,-,0
translategemma-4b,42,83,1,-,0
translategemma-4b,42,84,0,-,0
translategemma-4b,43,85,1,-,0
translategemma-4b,43,86,0,-,0
translategemma-4b,44,87,1,-,0
translategemma-4b,44,88,0,-,0
translategemma-4b,45,89,1,-,0
translategemma-4b,45,90,0,-,0
translategemma-4b,46,91,1,-,0
translategemma-4b,46,92,0,-,0
translategemma-4b,47,93,1,-,0
translategemma-4b,47,94,0,-,0
translategemma-4b,48,95,1,-,0
translategemma-4b,48,96,0,-,0
translategemma-4b,49,97,1,-,0
translategemma-4b,49,98,0,-,0
translategemma-4b,50,99,1,-,0
translategemma-4b,50,100,0,-,0
translategemma-4b,51,101,1,-,0
translategemma-4b,51,102,0,-,0
translategemma-4b,52,103,1,-,0
translategemma-4b,52,103,1,-,0
translategemma-4b,52,104,0,o,1
translategemma-4b,52,104,0,-,0
translategemma-4b,53,105,1,o,1
translategemma-4b,53,105,1,-,0
translategemma-4b,53,106,0,o,1
translategemma-4b,53,106,0,onun,1
translategemma-4b,54,107,1,o,1
translategemma-4b,54,107,1,-,0
translategemma-4b,54,108,0,o,1
translategemma-4b,54,108,0,onun,1
translategemma-4b,55,109,1,-,0
translategemma-4b,55,109,1,-,0
translategemma-4b,55,110,0,o,1
translategemma-4b,55,110,0,-,0
translategemma-4b,56,111,1,-,0
translategemma-4b,56,111,1,-,0
translategemma-4b,56,112,0,o,1
translategemma-4b,56,112,0,o'nun,1
translategemma-4b,57,113,1,-,0
translategemma-4b,57,113,1,-,0
translategemma-4b,57,114,0,o,1
translategemma-4b,57,114,0,onun,1
translategemma-4b,58,115,1,-,0
translategemma-4b,58,115,1,-,0
translategemma-4b,58,116,0,o,1
translategemma-4b,58,116,0,onun,1
translategemma-4b,59,117,1,-,0
translategemma-4b,59,117,1,-,0
translategemma-4b,59,118,0,-,0
translategemma-4b,59,118,0,-,0
translategemma-4b,60,119,1,-,0
translategemma-4b,60,119,1,-,0
translategemma-4b,60,120,0,o,1
translategemma-4b,60,120,0,-,0
translategemma-4b,61,121,1,o,1
translategemma-4b,61,121,1,-,0
translategemma-4b,61,122,0,o,1
translategemma-4b,61,122,0,-,0
translategemma-4b,62,123,1,-,0
translategemma-4b,62,123,1,-,0
translategemma-4b,62,124,0,o,1
translategemma-4b,62,124,0,-,0
translategemma-4b,63,125,1,o,1
translategemma-4b,63,125,1,-,0
translategemma-4b,63,126,0,o,1
translategemma-4b,63,126,0,o'nun,1
translategemma-4b,64,127,1,-,0
translategemma-4b,64,127,1,-,0
translategemma-4b,64,128,0,-,0
translategemma-4b,64,128,0,-,0
translategemma-4b,65,129,1,-,0
translategemma-4b,65,129,1,-,0
translategemma-4b,65,130,0,o,1
translategemma-4b,65,130,0,-,0
translategemma-4b,66,131,1,o,1
translategemma-4b,66,131,1,-,0
translategemma-4b,66,132,0,o,1
translategemma-4b,66,132,0,-,0
translategemma-4b,67,133,1,-,0
translategemma-4b,67,133,1,-,0
translategemma-4b,67,134,0,o,1
translategemma-4b,67,134,0,-,0
translategemma-4b,68,135,1,-,0
translategemma-4b,68,135,1,-,0
translategemma-4b,68,136,0,o,1
translategemma-4b,68,136,0,-,0
translategemma-4b,69,137,1,-,0
translategemma-4b,69,137,1,kendinin,1
translategemma-4b,69,138,0,o,1
translategemma-4b,69,138,0,onun,1
translategemma-4b,70,139,1,o,1
translategemma-4b,70,139,1,-,0
translategemma-4b,70,140,0,o,1
translategemma-4b,70,140,0,onun,1
translategemma-4b,71,141,1,-,0
translategemma-4b,71,141,1,-,0
translategemma-4b,71,142,0,o,1
translategemma-4b,71,142,0,onun,1
translategemma-4b,72,143,1,-,0
translategemma-4b,72,143,1,-,0
translategemma-4b,72,144,0,o,1
translategemma-4b,72,144,0,onun,1
translategemma-4b,73,145,1,-,0
translategemma-4b,73,145,1,-,0
translategemma-4b,73,146,0,-,0
translategemma-4b,73,146,0,bunun,1
translategemma-4b,74,147,1,-,0
translategemma-4b,74,147,1,-,0
translategemma-4b,74,148,0,-,0
translategemma-4b,74,148,0,-,0
translategemma-4b,75,149,1,-,0
translategemma-4b,75,149,1,-,0
translategemma-4b,75,150,0,o,1
translategemma-4b,75,150,0,onun,1
translategemma-4b,76,151,1,-,0
translategemma-4b,76,151,1,-,0
translategemma-4b,76,152,0,o,1
translategemma-4b,76,152,0,-,0
translategemma-4b,77,153,1,-,0
translategemma-4b,77,153,1,-,0
translategemma-4b,77,154,0,o,1
translategemma-4b,77,154,0,-,0
translategemma-4b,78,155,1,o,1
translategemma-4b,78,155,1,-,0
translategemma-4b,78,156,0,o,1
translategemma-4b,78,156,0,o'nun,1
translategemma-4b,79,157,1,-,0
translategemma-4b,79,157,1,-,0
translategemma-4b,79,158,0,o,1
translategemma-4b,79,158,0,onun,1
translategemma-4b,80,159,1,-,0
translategemma-4b,80,159,1,-,0
translategemma-4b,80,160,0,o,1
translategemma-4b,80,160,0,-,0
translategemma-4b,81,161,1,-,0
translategemma-4b,81,161,1,-,0
translategemma-4b,81,162,0,o,1
translategemma-4b,81,162,0,kitabın,1
translategemma-4b,82,163,1,-,0
translategemma-4b,82,163,1,-,0
translategemma-4b,82,164,0,o,1
translategemma-4b,82,164,0,-,0
translategemma-4b,83,165,1,-,0
translategemma-4b,83,165,1,-,0
translategemma-4b,83,166,0,o,1
translategemma-4b,83,166,0,onun,1
translategemma-4b,84,167,1,-,0
translategemma-4b,84,167,1,-,0
translategemma-4b,84,168,0,o,1
translategemma-4b,84,168,0,-,0
translategemma-4b,85,169,1,-,0
translategemma-4b,85,169,1,-,0
translategemma-4b,85,170,0,-,0
translategemma-4b,85,170,0,-,0
translategemma-4b,86,171,1,o,1
translategemma-4b,86,171,1,-,0
translategemma-4b,86,172,0,o,1
translategemma-4b,86,172,0,-,0
translategemma-4b,87,173,1,-,0
translategemma-4b,87,173,1,-,0
translategemma-4b,87,174,0,o,1
translategemma-4b,87,174,0,-,0
translategemma-4b,88,175,1,-,0
translategemma-4b,88,175,1,-,0
translategemma-4b,88,176,0,o,1
translategemma-4b,88,176,0,-,0
translategemma-4b,89,177,1,-,0
translategemma-4b,89,177,1,-,0
translategemma-4b,89,178,0,o,1
translategemma-4b,89,178,0,onun,1
translategemma-4b,90,179,1,o,1
translategemma-4b,90,179,1,-,0
translategemma-4b,90,180,0,o,1
translategemma-4b,90,180,0,-,0
translategemma-4b,91,181,1,o,1
translategemma-4b,91,181,1,-,0
translategemma-4b,91,182,0,o,1
translategemma-4b,91,182,0,-,0
translategemma-4b,92,183,1,o,1
translategemma-4b,92,183,1,-,0
translategemma-4b,92,184,0,o,1
translategemma-4b,92,184,0,o'nun,1
translategemma-4b,93,185,1,-,0
translategemma-4b,93,185,1,-,0
translategemma-4b,93,186,0,o,1
translategemma-4b,93,186,0,-,0
translategemma-4b,94,187,1,-,0
translategemma-4b,94,187,1,-,0
translategemma-4b,94,188,0,o,1
translategemma-4b,94,188,0,-,0
translategemma-4b,95,189,1,-,0
translategemma-4b,95,189,1,-,0
translategemma-4b,95,190,0,o,1
translategemma-4b,95,190,0,-,0
translategemma-4b,96,191,1,o,1
translategemma-4b,96,191,1,-,0
translategemma-4b,96,192,0,o,1
translategemma-4b,96,192,0,-,0
llama3.1-IT-8B,1,1,1,-,0
llama3.1-IT-8B,1,2,0,-,0
llama3.1-IT-8B,2,3,1,-,0
llama3.1-IT-8B,2,4,0,onun,1
llama3.1-IT-8B,3,5,1,-,0
llama3.1-IT-8B,3,6,0,-,0
llama3.1-IT-8B,4,7,1,-,0
llama3.1-IT-8B,4,8,0,-,0
llama3.1-IT-8B,5,9,1,-,0
llama3.1-IT-8B,5,10,0,-,0
llama3.1-IT-8B,6,11,1,-,0
llama3.1-IT-8B,6,12,0,-,0
llama3.1-IT-8B,7,13,1,-,0
llama3.1-IT-8B,7,14,0,-,0
llama3.1-IT-8B,8,15,1,-,0
llama3.1-IT-8B,8,16,0,-,0
llama3.1-IT-8B,9,17,1,-,0
llama3.1-IT-8B,9,18,0,onun,1
llama3.1-IT-8B,10,19,1,-,0
llama3.1-IT-8B,10,20,0,onun,1
llama3.1-IT-8B,11,21,1,-,0
llama3.1-IT-8B,11,22,0,-,0
llama3.1-IT-8B,12,23,1,-,0
llama3.1-IT-8B,12,24,0,-,0
llama3.1-IT-8B,13,25,1,-,0
llama3.1-IT-8B,13,26,0,-,0
llama3.1-IT-8B,14,27,1,-,0
llama3.1-IT-8B,14,28,0,-,0
llama3.1-IT-8B,15,29,1,-,0
llama3.1-IT-8B,15,30,0,-,0
llama3.1-IT-8B,16,31,1,-,0
llama3.1-IT-8B,16,32,0,-,0
llama3.1-IT-8B,17,33,1,-,0
llama3.1-IT-8B,17,34,0,-,0
llama3.1-IT-8B,18,35,1,-,0
llama3.1-IT-8B,18,36,0,-,0
llama3.1-IT-8B,19,37,1,-,0
llama3.1-IT-8B,19,38,0,-,0
llama3.1-IT-8B,20,39,1,-,0
llama3.1-IT-8B,20,40,0,-,0
llama3.1-IT-8B,21,41,1,-,0
llama3.1-IT-8B,21,42,0,-,0
llama3.1-IT-8B,22,43,1,-,0
llama3.1-IT-8B,22,44,0,-,0
llama3.1-IT-8B,23,45,1,-,0
llama3.1-IT-8B,23,46,0,-,0
llama3.1-IT-8B,24,47,1,-,0
llama3.1-IT-8B,24,48,0,-,0
llama3.1-IT-8B,25,49,1,-,0
llama3.1-IT-8B,25,50,0,-,0
llama3.1-IT-8B,26,51,1,-,0
llama3.1-IT-8B,26,52,0,-,0
llama3.1-IT-8B,27,53,1,-,0
llama3.1-IT-8B,27,54,0,-,0
llama3.1-IT-8B,28,55,1,-,0
llama3.1-IT-8B,28,56,0,-,0
llama3.1-IT-8B,29,57,1,-,0
llama3.1-IT-8B,29,58,0,-,0
llama3.1-IT-8B,30,59,1,-,0
llama3.1-IT-8B,30,60,0,-,0
llama3.1-IT-8B,31,61,1,-,0
llama3.1-IT-8B,31,62,0,-,0
llama3.1-IT-8B,32,63,1,-,0
llama3.1-IT-8B,32,64,0,-,0
llama3.1-IT-8B,33,65,1,-,0
llama3.1-IT-8B,33,66,0,-,0
llama3.1-IT-8B,34,67,1,-,0
llama3.1-IT-8B,34,68,0,-,0
llama3.1-IT-8B,35,69,1,-,0
llama3.1-IT-8B,35,70,0,-,0
llama3.1-IT-8B,36,71,1,-,0
llama3.1-IT-8B,36,72,0,-,0
llama3.1-IT-8B,37,73,1,-,0
llama3.1-IT-8B,37,74,0,-,0
llama3.1-IT-8B,38,75,1,-,0
llama3.1-IT-8B,38,76,0,-,0
llama3.1-IT-8B,39,77,1,-,0
llama3.1-IT-8B,39,78,0,-,0
llama3.1-IT-8B,40,79,1,-,0
llama3.1-IT-8B,40,80,0,-,0
llama3.1-IT-8B,41,81,1,-,0
llama3.1-IT-8B,41,82,0,-,0
llama3.1-IT-8B,42,83,1,-,0
llama3.1-IT-8B,42,84,0,-,0
llama3.1-IT-8B,43,85,1,-,0
llama3.1-IT-8B,43,86,0,-,0
llama3.1-IT-8B,44,87,1,-,0
llama3.1-IT-8B,44,88,0,-,0
llama3.1-IT-8B,45,89,1,-,0
llama3.1-IT-8B,45,90,0,-,0
llama3.1-IT-8B,46,91,1,-,0
llama3.1-IT-8B,46,92,0,-,0
llama3.1-IT-8B,47,93,1,-,0
llama3.1-IT-8B,47,94,0,-,0
llama3.1-IT-8B,48,95,1,-,0
llama3.1-IT-8B,48,96,0,-,0
llama3.1-IT-8B,49,97,1,-,0
llama3.1-IT-8B,49,98,0,-,0
llama3.1-IT-8B,50,99,1,-,0
llama3.1-IT-8B,50,100,0,-,0
llama3.1-IT-8B,51,101,1,-,0
llama3.1-IT-8B,51,102,0,-,0
llama3.1-IT-8B,52,103,1,-,0
llama3.1-IT-8B,52,103,1,-,0
llama3.1-IT-8B,52,104,0,o,1
llama3.1-IT-8B,52,104,0,-,0
llama3.1-IT-8B,53,105,1,o,1
llama3.1-IT-8B,53,105,1,-,0
llama3.1-IT-8B,53,106,0,o,1
llama3.1-IT-8B,53,106,0,-,0
llama3.1-IT-8B,54,107,1,-,0
llama3.1-IT-8B,54,107,1,-,0
llama3.1-IT-8B,54,108,0,-,0
llama3.1-IT-8B,54,108,0,-,0
llama3.1-IT-8B,55,109,1,-,0
llama3.1-IT-8B,55,109,1,-,0
llama3.1-IT-8B,55,110,0,o,1
llama3.1-IT-8B,55,110,0,-,0
llama3.1-IT-8B,56,111,1,o,1
llama3.1-IT-8B,56,111,1,-,0
llama3.1-IT-8B,56,112,0,o,1
llama3.1-IT-8B,56,112,0,onun,1
llama3.1-IT-8B,57,113,1,-,0
llama3.1-IT-8B,57,113,1,-,0
llama3.1-IT-8B,57,114,0,o,1
llama3.1-IT-8B,57,114,0,onun,1
llama3.1-IT-8B,58,115,1,-,0
llama3.1-IT-8B,58,115,1,-,0
llama3.1-IT-8B,58,116,0,konusu,1
llama3.1-IT-8B,58,116,0,-,0
llama3.1-IT-8B,59,117,1,o,1
llama3.1-IT-8B,59,117,1,-,0
llama3.1-IT-8B,59,118,0,o,1
llama3.1-IT-8B,59,118,0,-,0
llama3.1-IT-8B,60,119,1,-,0
llama3.1-IT-8B,60,119,1,-,0
llama3.1-IT-8B,60,120,0,-,0
llama3.1-IT-8B,60,120,0,-,0
llama3.1-IT-8B,61,121,1,-,0
llama3.1-IT-8B,61,121,1,-,0
llama3.1-IT-8B,61,122,0,o,1
llama3.1-IT-8B,61,122,0,-,0
llama3.1-IT-8B,62,123,1,-,0
llama3.1-IT-8B,62,123,1,-,0
llama3.1-IT-8B,62,124,0,-,0
llama3.1-IT-8B,62,124,0,-,0
llama3.1-IT-8B,63,125,1,o,1
llama3.1-IT-8B,63,125,1,-,0
llama3.1-IT-8B,63,126,0,o,1
llama3.1-IT-8B,63,126,0,-,0
llama3.1-IT-8B,64,127,1,-,0
llama3.1-IT-8B,64,127,1,-,0
llama3.1-IT-8B,64,128,0,-,0
llama3.1-IT-8B,64,128,0,-,0
llama3.1-IT-8B,65,129,1,-,0
llama3.1-IT-8B,65,129,1,-,0
llama3.1-IT-8B,65,130,0,-,0
llama3.1-IT-8B,65,130,0,-,0
llama3.1-IT-8B,66,131,1,o,1
llama3.1-IT-8B,66,131,1,-,0
llama3.1-IT-8B,66,132,0,o,1
llama3.1-IT-8B,66,132,0,-,0
llama3.1-IT-8B,67,133,1,-,0
llama3.1-IT-8B,67,133,1,-,0
llama3.1-IT-8B,67,134,0,o,1
llama3.1-IT-8B,67,134,0,-,0
llama3.1-IT-8B,68,135,1,-,0
llama3.1-IT-8B,68,135,1,-,0
llama3.1-IT-8B,68,136,0,o,1
llama3.1-IT-8B,68,136,0,-,0
llama3.1-IT-8B,69,137,1,o,1
llama3.1-IT-8B,69,137,1,-,0
llama3.1-IT-8B,69,138,0,o,1
llama3.1-IT-8B,69,138,0,-,0
llama3.1-IT-8B,70,139,1,-,0
llama3.1-IT-8B,70,139,1,-,0
llama3.1-IT-8B,70,140,0,-,0
llama3.1-IT-8B,70,140,0,-,0
llama3.1-IT-8B,71,141,1,-,0
llama3.1-IT-8B,71,141,1,-,0
llama3.1-IT-8B,71,142,0,o,1
llama3.1-IT-8B,71,142,0,-,0
llama3.1-IT-8B,72,143,1,-,0
llama3.1-IT-8B,72,143,1,-,0
llama3.1-IT-8B,72,144,0,o,1
llama3.1-IT-8B,72,144,0,-,0
llama3.1-IT-8B,73,145,1,-,0
llama3.1-IT-8B,73,145,1,-,0
llama3.1-IT-8B,73,146,0,o,1
llama3.1-IT-8B,73,146,0,-,0
llama3.1-IT-8B,74,147,1,-,0
llama3.1-IT-8B,74,147,1,-,0
llama3.1-IT-8B,74,148,0,-,0
llama3.1-IT-8B,74,148,0,-,0
llama3.1-IT-8B,75,149,1,-,0
llama3.1-IT-8B,75,149,1,-,0
llama3.1-IT-8B,75,150,0,o,1
llama3.1-IT-8B,75,150,0,-,0
llama3.1-IT-8B,76,151,1,-,0
llama3.1-IT-8B,76,151,1,-,0
llama3.1-IT-8B,76,152,0,-,0
llama3.1-IT-8B,76,152,0,-,0
llama3.1-IT-8B,77,153,1,-,0
llama3.1-IT-8B,77,153,1,-,0
llama3.1-IT-8B,77,154,0,-,0
llama3.1-IT-8B,77,154,0,-,0
llama3.1-IT-8B,78,155,1,-,0
llama3.1-IT-8B,78,155,1,-,0
llama3.1-IT-8B,78,156,0,o,1
llama3.1-IT-8B,78,156,0,-,0
llama3.1-IT-8B,79,157,1,-,0
llama3.1-IT-8B,79,157,1,-,0
llama3.1-IT-8B,79,158,0,o,1
llama3.1-IT-8B,79,158,0,-,0
llama3.1-IT-8B,80,159,1,-,0
llama3.1-IT-8B,80,159,1,-,0
llama3.1-IT-8B,80,160,0,o,1
llama3.1-IT-8B,80,160,0,-,0
llama3.1-IT-8B,81,161,1,-,0
llama3.1-IT-8B,81,161,1,-,0
llama3.1-IT-8B,81,162,0,-,0
llama3.1-IT-8B,81,162,0,-,0
llama3.1-IT-8B,82,163,1,-,0
llama3.1-IT-8B,82,163,1,-,0
llama3.1-IT-8B,82,164,0,-,0
llama3.1-IT-8B,82,164,0,-,0
llama3.1-IT-8B,83,165,1,-,0
llama3.1-IT-8B,83,165,1,-,0
llama3.1-IT-8B,83,166,0,-,0
llama3.1-IT-8B,83,166,0,-,0
llama3.1-IT-8B,84,167,1,-,0
llama3.1-IT-8B,84,167,1,-,0
llama3.1-IT-8B,84,168,0,-,0
llama3.1-IT-8B,84,168,0,-,0
llama3.1-IT-8B,85,169,1,-,0
llama3.1-IT-8B,85,169,1,-,0
llama3.1-IT-8B,85,170,0,-,0
llama3.1-IT-8B,85,170,0,-,0
llama3.1-IT-8B,86,171,1,-,0
llama3.1-IT-8B,86,171,1,-,0
llama3.1-IT-8B,86,172,0,-,0
llama3.1-IT-8B,86,172,0,-,0
llama3.1-IT-8B,87,173,1,-,0
llama3.1-IT-8B,87,173,1,-,0
llama3.1-IT-8B,87,174,0,-,0
llama3.1-IT-8B,87,174,0,-,0
llama3.1-IT-8B,88,175,1,-,0
llama3.1-IT-8B,88,175,1,-,0
llama3.1-IT-8B,88,176,0,-,0
llama3.1-IT-8B,88,176,0,-,0
llama3.1-IT-8B,89,177,1,o,1
llama3.1-IT-8B,89,177,1,-,0
llama3.1-IT-8B,89,178,0,-,0
llama3.1-IT-8B,89,178,0,kadının,1
llama3.1-IT-8B,90,179,1,-,0
llama3.1-IT-8B,90,179,1,-,0
llama3.1-IT-8B,90,180,0,o,1
llama3.1-IT-8B,90,180,0,-,0
llama3.1-IT-8B,91,181,1,o,1
llama3.1-IT-8B,91,181,1,-,0
llama3.1-IT-8B,91,182,0,o,1
llama3.1-IT-8B,91,182,0,-,0
llama3.1-IT-8B,92,183,1,-,0
llama3.1-IT-8B,92,183,1,-,0
llama3.1-IT-8B,92,184,0,o,1
llama3.1-IT-8B,92,184,0,-,0
llama3.1-IT-8B,93,185,1,-,0
llama3.1-IT-8B,93,185,1,-,0
llama3.1-IT-8B,93,186,0,o,1
llama3.1-IT-8B,93,186,0,-,0
llama3.1-IT-8B,94,187,1,-,0
llama3.1-IT-8B,94,187,1,-,0
llama3.1-IT-8B,94,188,0,-,0
llama3.1-IT-8B,94,188,0,-,0
llama3.1-IT-8B,95,189,1,-,0
llama3.1-IT-8B,95,189,1,-,0
llama3.1-IT-8B,95,190,0,-,0
llama3.1-IT-8B,95,190,0,-,0
llama3.1-IT-8B,96,191,1,-,0
llama3.1-IT-8B,96,191,1,-,0
llama3.1-IT-8B,96,192,0,-,0
llama3.1-IT-8B,96,192,0,-,0
