sentence_id,source_sentence,translator,human_translations,subject_pronouns,pronoun_labels,evaluation_score,opus-tatoeba-en-tr,m2m100-418M,NLLB200-3.3B,translategemma-4b,llama3.1-IT-8B,subject_pro_human_translations,pro_labels_human_translations,subject_pro_opus-tatoeba-en-tr,pro_labels_opus-tatoeba-en-tr,subject_pro_m2m100-418M,pro_labels_m2m100-418M,subject_pro_NLLB200-3.3B,pro_labels_NLLB200-3.3B,subject_pro_translategemma-4b,pro_labels_translategemma-4b,subject_pro_llama3.1-IT-8B,pro_labels_llama3.1-IT-8B
1,"You enjoy city life, but I prefer the quiet of the countryside.",Translator 2,Sen şehir hayatından hoşlanıyorsun ama ben kırsalın sakinliğini tercih ediyorum.,"['you', 'i']","[1, 1]",5,"Sen şehir hayatını seviyorsun, ama ben kırsalın sessizliğini tercih ediyorum.",Şehir hayatının tadını çıkarıyorsunuz ama ben köyün sessizliğini tercih ediyorum.,Şehir hayatından hoşlanıyorsun ama ben kırsalın sessizliğini tercih ediyorum.,"Şehir hayatını seviyorsun, ama ben kırsalın sakinliğini tercih ediyorum.","Şehirlere hayranlık duyorsun, ama ben kırların sükûnu tercih ediyorum.","[""sen"", ""ben""]","[""1"", ""1""]","[""sen"", ""ben""]","[""1"", ""1""]","[""-"", ""ben""]","[""0"", ""1""]","[""-"", ""ben""]","[""0"", ""1""]","[""-"", ""ben""]","[""0"", ""1""]","[""-"", ""ben""]","[""0"", ""1""]"
2,"You might think it’s boring, but I find it fascinating.",Translator 2,Sen sıkıcı olduğunu düşünebilirsin ama ben bunu son derece ilgi çekici buluyorum.,"['you', 'i']","[1, 1]",5,Sen sıkıcı olduğunu düşünebilirsin ama ben bunu büyüleyici buluyorum.,Çok sıkıcı olduğunu düşünüyorsunuz ama ilginç olduğunu düşünüyorum.,Sıkıcı olduğunu düşünebilirsin ama ben büyüleyici buluyorum.,"Belki siz bunu sıkıcı bulursunuz, ancak ben bunun çok ilgi çekici olduğunu düşünüyorum.",Onu sıkıcı bulabilirsin ama ben onu çok ilginç buluyorum.,"[""sen"", ""ben""]","[""1"", ""1""]","[""sen"", ""ben""]","[""1"", ""1""]","[""-"", ""-""]","[""0"", ""0""]","[""-"", ""ben""]","[""0"", ""1""]","[""siz"", ""ben""]","[""1"", ""1""]","[""-"", ""ben""]","[""0"", ""1""]"
3,"Even Melis managed to catch the train, yet you missed it again.",Translator 1,"Melis bile treni yakaladı, sen yine kaçırdın.",['you'],[1],5,Melis bile treni yakalamayı başardı ama yine kaçırdın.,"Melis bile treni yakalamayı başardı, ama yine onu kaçırdınız.","Melis bile trene yetişmeyi başardı, ama yine kaçırdın.","Hatta Melis bile treni yakalamayı başardı, ancak sen yine de kaçırdın.","Melis bile treni yakaladı, ama sen yine kaçırdın.","[""sen""]","[""1""]","[""-""]","[""0""]","[""-""]","[""0""]","[""-""]","[""0""]","[""sen""]","[""1""]","[""sen""]","[""1""]"
4,She believes in miracles; he believes in hard work.,Translator 2,O mucizelere inanıyor; o ise sıkı çalışmaya.,"['she', 'he']","[1, 1]",5,"O mucizelere inanır, o ise sıkı çalışmaya.","Mucizelere inanır, zor işlere inanır.","O mucizelere inanıyor, o da çalışmaya.","O, mucizelere inanır; o, sıkı çalışmaya inanır.",O mucizelere inanır; o da işine kilitlenir.,"[""o"", ""o""]","[""1"", ""1""]","[""o"", ""o""]","[""1"", ""1""]","[""-"", ""-""]","[""0"", ""0""]","[""o"", ""o""]","[""1"", ""1""]","[""o"", ""o""]","[""1"", ""1""]","[""o"", ""o""]","[""1"", ""1""]"
5,You see only the problem; I see opportunities.,Translator 1,"Sen sadece problemleri görüyorsun, bense fırsatları.","['you', 'i']","[1, 1]",5,"Sen sadece sorunu görüyorsun, ben fırsatları görüyorum.",Sadece sorunları görüyorsun; fırsatları görüyorum.,"Sen sadece sorunu görüyorsun, bense fırsatları görüyorum.",Sadece sorunu görüyorsun; ben ise fırsatları görüyorum.,Sadece problemi görüyorsun; ben fırsatları görüyorum.,"[""sen"", ""ben""]","[""1"", ""1""]","[""sen"", ""ben""]","[""1"", ""1""]","[""-"", ""-""]","[""0"", ""0""]","[""sen"", ""ben""]","[""1"", ""1""]","[""-"", ""ben""]","[""0"", ""1""]","[""-"", ""ben""]","[""0"", ""1""]"
6,"He wanted to speak, but she chose silence.",Translator 2,O konuşmak istedi ama o sessizliği seçti.,"['he', 'she']","[1, 1]",5,"O konuşmak istedi, ama o sessizliği seçti.",Konuşmak istiyordu ama sessizliği seçti.,"O konuşmak istedi, ama o sessizliği seçti.","Konuşmak istedi, ancak o sessizliği seçti.","Söylemek istiyordu, ama sessizlik seçti.","[""o"", ""o""]","[""1"", ""1""]","[""o"", ""o""]","[""1"", ""1""]","[""-"", ""-""]","[""0"", ""0""]","[""o"", ""o""]","[""1"", ""1""]","[""-"", ""o""]","[""0"", ""1""]","[""-"", ""-""]","[""0"", ""0""]"
7,"You may have forgotten, but I remember everything.",Translator 2,Sen unutmuş olabilirsin ama ben her şeyi hatırlıyorum.,"['you', 'i']","[1, 1]",5,Unutmuş olabilirsin ama ben her şeyi hatırlıyorum.,Muhtemelen unutmuşsun ama hepsini hatırlıyorum.,Sen unutmuş olabilirsin ama ben her şeyi hatırlıyorum.,"Belki unutmuşsunuz, ama ben her şeyi hatırlıyorum.","Bilmeden unutmuş olabilirsin, ama ben her şeyi hatırlıyorum.","[""sen"", ""ben""]","[""1"", ""1""]","[""-"", ""ben""]","[""0"", ""1""]","[""-"", ""-""]","[""0"", ""0""]","[""sen"", ""ben""]","[""1"", ""1""]","[""-"", ""ben""]","[""0"", ""1""]","[""-"", ""ben""]","[""0"", ""1""]"
8,He admires tradition; she embraces change.,Translator 2,"O geleneğe hayran, o ise değişimi benimsiyor.","['he', 'she']","[1, 1]",4,"Geleneğe hayrandır, o ise değişimi kucaklar.",Gelenekleri seviyor; değişimi kucaklıyor.,"O geleneğe hayran, o değişimi kucaklıyor.",O gelenekleri takdir ediyor; o ise değişime ayak uyduruyor.,"O, geleneklere hayranlık duyar; o, değişime sarılır.","[""o"", ""o""]","[""1"", ""1""]","[""-"", ""o""]","[""0"", ""1""]","[""-"", ""-""]","[""0"", ""0""]","[""o"", ""o""]","[""1"", ""1""]","[""o"", ""o""]","[""1"", ""1""]","[""o"", ""o""]","[""1"", ""1""]"
9,"You act before thinking, while I plan every move.",Translator 2,"Sen düşünmeden harekete geçiyorsun, ben ise her adımı planlıyorum.","['you', 'i']","[1, 1]",5,Ben her hamleyi planlarken sen düşünmeden hareket ediyorsun.,"Düşünmeden önce hareket ediyorsun, ben de her hareketi planlıyorum.",Sen düşünmeden hareket ederken ben her hareketi planlıyorum.,"Ben her hamleyi önceden planlarken, sen düşünmeden hareket edersin.","Sana düşünmeden eylem yaparsın, ben ise her adıma plan yaparım.","[""sen"", ""ben""]","[""1"", ""1""]","[""sen"", ""ben""]","[""1"", ""1""]","[""-"", ""ben""]","[""0"", ""1""]","[""sen"", ""ben""]","[""1"", ""1""]","[""sen"", ""ben""]","[""1"", ""1""]","[""-"", ""ben""]","[""0"", ""1""]"
10,"Even the children understood the lesson, yet she kept explaining it.",Translator 2,Çocuklar bile dersi anlamıştı ama o anlatmaya devam etti.,['she'],[1],5,"Çocuklar bile dersi anladı, ama o bunu açıklamaya devam etti.","Çocuklar bile dersini anlıyordu, ama onu açıklamaya devam ediyordu.","Çocuklar bile dersleri anlayabiliyordu, yine de ona açıklamayı sürdürdü.","Çocuklar bile dersi anlamış, ancak o yine de onu açıklamaya devam etti.","Hatta çocuklar bile dersi anlamıştı, ama yine de açıklamaya devam etti.","[""o""]","[""1""]","[""o""]","[""1""]","[""-""]","[""0""]","[""-""]","[""0""]","[""o""]","[""1""]","[""-""]","[""0""]"
11,"You might ignore the warning, but I take it seriously.",Translator 2,Sen uyarıyı görmezden gelebilirsin ama ben ciddiye alıyorum.,"['you', 'i']","[1, 1]",5,Uyarıyı görmezden gelebilirsiniz ama ben ciddiye alıyorum.,Bu uyarıyı görmezden gelebilirsin ama ciddiye alıyorum.,Uyarıyı görmezden gelebilirsin ama ben ciddiye alıyorum.,"Uyarıyı görmezden gelebilirsin, ancak ben bunu ciddiye alıyorum.","Uyarıyı görmezden gelebilirsiniz, ama ben ciddiye alıyorum.","[""sen"", ""ben""]","[""1"", ""1""]","[""-"", ""ben""]","[""0"", ""1""]","[""-"", ""-""]","[""0"", ""0""]","[""-"", ""ben""]","[""0"", ""1""]","[""-"", ""ben""]","[""0"", ""1""]","[""-"", ""ben""]","[""0"", ""1""]"
12,He came early to help; she showed up just for dessert.,Translator 1,O erkenden yardıma geldi; o da tatlı saati geldi.,"['he', 'she']","[1, 1]",5,"Yardım etmek için erken geldi, sadece tatlı için geldi.",Yardım için erken geldi; o sadece tatlı için ortaya çıktı.,"O, yardım etmek için erken geldi; o sadece tatlı için geldi.","O, yardım etmek için erken geldi; o sadece tatlı için geldi.",Erken yardım etmek için geldi; çikolata için sadece geldi.,"[""o"", ""o""]","[""1"", ""1""]","[""-"", ""-""]","[""0"", ""0""]","[""-"", ""o""]","[""0"", ""1""]","[""o"", ""o""]","[""1"", ""1""]","[""o"", ""o""]","[""1"", ""1""]","[""-"", ""-""]","[""0"", ""0""]"
13,"You complain about the noise, but I like the energy.",Translator 2,Sen gürültüden şikâyet ediyorsun ama ben o enerjiyi seviyorum.,"['you', 'i']","[1, 1]",5,Gürültüden şikayet ediyorsun ama ben enerjiyi seviyorum.,Sen gürültüden şikayet ediyorsun ama enerjiyi seviyorum.,Sen gürültüden şikayet ediyorsun ama ben enerjiden hoşlanıyorum.,"Siz seslerden şikayet ediyorsunuz, ama ben enerjiyi seviyorum.","Sessizlik hakkında şikayet ediyorsun, ama ben enerjiye bayılıyorum.","[""sen"", ""ben""]","[""1"", ""1""]","[""-"", ""ben""]","[""0"", ""1""]","[""sen"", ""-""]","[""1"", ""0""]","[""sen"", ""ben""]","[""1"", ""1""]","[""siz"", ""ben""]","[""1"", ""1""]","[""-"", ""ben""]","[""0"", ""1""]"
14,She spends her money freely; he saves every coin.,Translator 1,O parasını özgürce harcar; o ise her kuruşu biriktirir.,"['she', 'he']","[1, 1]",5,"O parasını özgürce harcıyor, o ise her sikkeyi biriktiriyor.",Parayı özgürce harcıyor; her parayı kurtarıyor.,Kadın parayı özgürce harcar; erkek ise her kuruşu saklar.,"O, parasıyla harcayıp durur; o ise her kuruşunu biriktirir.",Parasını keyfiyle harcıyor; o her para birliğini biriktirir.,"[""o"", ""o""]","[""1"", ""1""]","[""o"", ""o""]","[""1"", ""1""]","[""-"", ""-""]","[""0"", ""0""]","[""kadın"", ""erkek""]","[""1"", ""1""]","[""o"", ""o""]","[""1"", ""1""]","[""-"", ""o""]","[""0"", ""1""]"
15,You want comfort; I seek adventure.,Translator 1,Sen rahatlık istersin; ben macera.,"['you', 'i']","[1, 1]",5,"Sen teselli istiyorsun, ben macera arıyorum.",Sen rahatlık istiyorsun; ben macera arıyorum.,"Sen rahatlık istiyorsun, bense macera.",Siz rahatlığı istiyorsunuz; ben macerayı arıyorum.,Siz rahatlık istiyorsunuz; ben macera arıyorum.,"[""sen"", ""ben""]","[""1"", ""1""]","[""sen"", ""ben""]","[""1"", ""1""]","[""sen"", ""ben""]","[""1"", ""1""]","[""sen"", ""ben""]","[""1"", ""1""]","[""siz"", ""ben""]","[""1"", ""1""]","[""siz"", ""ben""]","[""1"", ""1""]"
16,He treats life like a race; she treats it like a journey.,Translator 2,O hayatı bir yarış gibi görüyor; o ise bir yolculuk gibi.,"['he', 'she']","[1, 1]",5,"O hayata bir ırkmış gibi davranır, o ise ona bir yolculukmuş gibi davranır.",Hayatı bir ırk gibi muamele eder; onu bir yolculuk gibi muamele eder.,"O, hayata bir yarış gibi davranır; o ise bir yolculuk gibi.",Hayatı bir yarış gibi görüyor; hayatı ise bir yolculuk gibi görüyor.,Hayatını bir yarış gibi görür; o ise bir seyahat gibi görür.,"[""o"", ""o""]","[""1"", ""1""]","[""o"", ""o""]","[""1"", ""1""]","[""-"", ""-""]","[""0"", ""0""]","[""o"", ""o""]","[""1"", ""1""]","[""-"", ""-""]","[""0"", ""0""]","[""-"", ""o""]","[""0"", ""1""]"
17,"You stay safe on the shore, but I dive into the waves.",Translator 1,"Sen kıyıda güvende kalırsın, ama ben dalgalara dalarım. ","['you', 'i']","[1, 1]",4,"Sen kıyıda güvende kal, ama ben dalgalara dalıyorum.",Sen sahilde güvende kalıyorsun ama ben dalgalara dalıyorum.,"Sen kıyıda güvende kal, bense dalgalara dalıyorum.","Sahilde güvenli bir şekilde kal, ben ise dalgalara atlıyorum.","Kumarda güvende kalırsın, ama ben dalgalara dalıyorum.","[""sen"", ""ben""]","[""1"", ""1""]","[""sen"", ""ben""]","[""1"", ""1""]","[""sen"", ""ben""]","[""1"", ""1""]","[""sen"", ""ben""]","[""1"", ""1""]","[""-"", ""ben""]","[""0"", ""1""]","[""-"", ""ben""]","[""0"", ""1""]"
18,She speaks with passion; he listens with patience.,Translator 1,"O, tutkuyla konuşur; o da sabırla dinler.","['she', 'he']","[1, 1]",5,"Kadın tutkuyla konuşur, o da sabırla dinler.","Aşkla konuşur, sabırla konuşur.",Kadın tutkuyla konuşur; erkekse sabırla dinler.,O tutkuyla konuşur; o ise sabırla dinler.,Onlar tutkuyla konuşur; o sabırla dinler.,"[""o"", ""o""]","[""1"", ""1""]","[""kadın"", ""o""]","[""1"", ""1""]","[""-"", ""-""]","[""0"", ""0""]","[""kadın"", ""erkek""]","[""1"", ""1""]","[""o"", ""o""]","[""1"", ""1""]","[""onlar"", ""o""]","[""1"", ""1""]"
19,"You strive for perfection, while I aim for progress.",Translator 1,"Sen mükemmelliği hedeflerken, ben ilerlemeyi hedefliyorum.","['you', 'i']","[1, 1]",5,"Sen mükemmellik için çabalarken, ben ilerlemeyi hedefliyorum.","Sen mükemmellik için çaba sarf ediyorsun, ben ise ilerlemeyi amaçlıyorum.","Sen mükemmellik için çabalarken, ben ilerlemeyi hedefliyorum.","Siz mükemmelliği hedefliyorsunuz, ben ise ilerlemeyi.",Mükemmeliğe çabalarken ben ilerleme için çabalaıyorum.,"[""sen"", ""ben""]","[""1"", ""1""]","[""sen"", ""ben""]","[""1"", ""1""]","[""sen"", ""ben""]","[""1"", ""1""]","[""sen"", ""ben""]","[""1"", ""1""]","[""siz"", ""ben""]","[""1"", ""1""]","[""-"", ""ben""]","[""0"", ""1""]"
20,"Even the shy students asked questions, while you stayed silent.",Translator 1,"Utangaç öğrenciler bile soru sordu, ama sen sessiz kaldın.",['you'],[1],5,Sen sessiz kalırken utangaç öğrenciler bile sorular sordu.,"Hatta şaşkın öğrenciler soru sordu, sessiz kalırken.",Utangaç öğrenciler bile soru sorarken sen sessiz kaldın.,"Hatta çekingen öğrenciler de sorular sorarken, siz sessiz kalmıştınız.","Hatta çekingen öğrenciler de sorular sordu, siz sessiz kaldınız.","[""sen""]","[""1""]","[""sen""]","[""1""]","[""-""]","[""0""]","[""sen""]","[""1""]","[""siz""]","[""1""]","[""siz""]","[""1""]"
21,You follow rules blindly; I question everything.,Translator 1,Sen kurallara körü körüne uyarsın; bense her şeyi sorgularım.,"['you', 'i']","[1, 1]",5,"Sen körü körüne kurallara uyuyorsun, ben her şeyi sorguluyorum.",Kuralları körce takip ediyorsun; her şeyi sorguluyorum.,"Kurallara körü körüne uyarsın, bense her şeyi sorguluyorum.",Sıra dışı kuralları körü körüne uygularsın; ben her şeyi sorgularım.,Sıradan kurallara uyun; ben her şeye soru sorarım.,"[""sen"", ""ben""]","[""1"", ""1""]","[""sen"", ""ben""]","[""1"", ""1""]","[""-"", ""-""]","[""0"", ""0""]","[""-"", ""ben""]","[""0"", ""1""]","[""-"", ""ben""]","[""0"", ""1""]","[""-"", ""ben""]","[""0"", ""1""]"
22,"She trusts easily, but he doubts constantly.",Translator 2,"O kolayca güvenirken, o sürekli şüphe eder.","['she', 'he']","[1, 1]",5,Kolayca güveniyor ama adam sürekli şüphe ediyor.,Kolayca güveniyor ama sürekli şüphe ediyor.,"Kadın kolayca güvenir, ama erkek sürekli şüphe eder.","O kolay kolay kimseyi güvenmez, ama sürekli şüpheci davranır.","O kolayca güveniyor, ama o sürekli şüphe ediyor.","[""o"", ""o""]","[""1"", ""1""]","[""-"", ""adam""]","[""0"", ""1""]","[""-"", ""-""]","[""0"", ""0""]","[""kadın"", ""erkek""]","[""1"", ""1""]","[""o"", ""-""]","[""1"", ""0""]","[""o"", ""o""]","[""1"", ""1""]"
23,You find joy in crowds; I find peace alone.,Translator 1,Sen eğlenceyi kalabalıkta bulurken; ben huzuru tek başıma bulurum.,"['you', 'i']","[1, 1]",5,"Sen neşeyi kalabalıkta bulursun, ben huzuru yalnız bulurum.",Bir kalabalıkta sevinç bulacaksın; tek başıma huzur bulacaksın.,"Sen kalabalıklarda sevinç buluyorsun, ben yalnız huzur buluyorum.",Kalabalıklar içinde keyif bulursun; ben yalnızken huzur bulurum.,Kalabalıklarda mutluluk bulursun; ben yalnızlıkta sükûnet bulurum.,"[""sen"", ""ben""]","[""1"", ""1""]","[""sen"", ""ben""]","[""1"", ""1""]","[""-"", ""-""]","[""0"", ""0""]","[""sen"", ""ben""]","[""1"", ""1""]","[""-"", ""ben""]","[""0"", ""1""]","[""-"", ""ben""]","[""0"", ""1""]"
24,He builds connections; she builds walls.,Translator 1,O bağlantılar kurar; o ise insanlarla arasına duvar örer.,"['he', 'she']","[1, 1]",5,"Adam bağlantı kurar, o da duvar örer.",O bağlantıları inşa eder; o duvarları inşa eder.,"O bağlantılar kurar, o duvarlar.",O bağlantılar kurar; o duvarlar öder.,O bağlantılar kurar; o duvarlar kurar.,"[""o"", ""o""]","[""1"", ""1""]","[""adam"", ""o""]","[""1"", ""1""]","[""-"", ""-""]","[""0"", ""0""]","[""o"", ""o""]","[""1"", ""1""]","[""o"", ""o""]","[""1"", ""1""]","[""o"", ""o""]","[""1"", ""1""]"
25,"You avoid challenges, but I welcome them.",Translator 1,"Sen zorluklardan kaçarken, ben onlara kucak açarım.","['you', 'i']","[1, 1]",5,"Zorluklardan kaçınıyorsun, ama ben onları hoş karşılıyorum.",Sorunlardan kaçınırsınız ama hoşgeldiniz.,Sen zorluklardan kaçınıyorsun ama ben onları karşılıyorum.,"Sizin zorluklardan kaçınmanız, benim ise onları kucaklamam.","Sen zorlukları kaçınıyorsun, ama ben onları selamlıyorum.","[""sen"", ""ben""]","[""1"", ""1""]","[""-"", ""ben""]","[""0"", ""1""]","[""-"", ""-""]","[""0"", ""0""]","[""sen"", ""ben""]","[""1"", ""1""]","[""siz"", ""ben""]","[""1"", ""1""]","[""sen"", ""ben""]","[""1"", ""1""]"
26,She writes poetry; he studies physics.,Translator 1,O şiir yazıyor; o da fizik okuyor.,"['she', 'he']","[1, 1]",5,"Kadın şiir yazıyor, adam fizik okuyor.",Şiir yazıyor; fizik eğitimi alıyor.,"O şiir yazıyor, o fizik okuyor.",O şiir yazıyor; o fizik inceliyor.,O şiir yazar; o fizik öğreniyor.,"[""o"", ""o""]","[""1"", ""1""]","[""kadın"", ""adam""]","[""1"", ""1""]","[""-"", ""-""]","[""0"", ""0""]","[""o"", ""o""]","[""1"", ""1""]","[""o"", ""o""]","[""1"", ""1""]","[""o"", ""o""]","[""1"", ""1""]"
27,"You think success is luck, but I think it’s effort.",Translator 1,"Başarının şans olduğunu düşünüyorsun, ama bence şans değil çabadır.","['you', 'i']","[0, 0]",5,"Başarının şans olduğunu düşünüyorsun, ama bence bu bir çaba.","Sizce başarı şans, ama bence çaba.",Başarının şans olduğunu düşünüyorsun ama bence çaba.,"Siz başarının şans olduğunu düşünüyorsunuz, ama ben bunun çaba olduğunu düşünüyorum.",Başkalaşım şans olduğunu düşünüyorsun ama ben gayret olduğunu düşünüyorum.,"[""-"", ""-""]","[""0"", ""0""]","[""-"", ""-""]","[""0"", ""0""]","[""-"", ""-""]","[""0"", ""0""]","[""-"", ""-""]","[""0"", ""0""]","[""siz"", ""ben""]","[""1"", ""1""]","[""-"", ""ben""]","[""0"", ""1""]"
28,"Even the youngest member contributed ideas, yet you said nothing.",Translator 1,En genç üye bile fikirler sundu ama sen hiçbir şey demedin.,['you'],[1],5,En genç üye bile fikirlere katkıda bulundu ama sen hiçbir şey söylemedin.,"En genç üye bile fikirlere katkıda bulundu, ama hiçbir şey söylemediniz.",En genç üye bile fikirlerini sundu ama sen hiçbir şey söylemedin.,"En genç üye bile fikirler sundu, ancak siz hiçbir şey söylemediniz.","En genç üye bile fikirler sunsa, hala bir şey söylemedin.","[""sen""]","[""1""]","[""sen""]","[""1""]","[""-""]","[""0""]","[""sen""]","[""1""]","[""siz""]","[""1""]","[""-""]","[""0""]"
29,"You love summer, but I yearn for winter.",Translator 2,"Sen yazı seviyorsun, ben ise kışı özlüyorum.","['you', 'i']","[1, 1]",5,Sen yazları seviyorsun ama ben kışı özlüyorum.,Yazın hoşunuza gidiyor ama kışın hoşunuza gidiyor.,"Sen yazı seviyorsun, ama ben kışı özlüyorum.","Yazı seviyorsun, ama ben kıştan yanıyorum.","Kışa tutkun olan ben, ama sen yazıyı seviyorsun.","[""sen"", ""ben""]","[""1"", ""1""]","[""sen"", ""ben""]","[""1"", ""1""]","[""-"", ""-""]","[""0"", ""0""]","[""sen"", ""ben""]","[""1"", ""1""]","[""-"", ""ben""]","[""0"", ""1""]","[""sen"", ""ben""]","[""1"", ""1""]"
30,"He arrived early, while she didn’t even bother showing up.",Translator 1,"O gelmeye bile zahmet etmezken, o erkenden geldi.","['he', 'she']","[1, 1]",4,"Adam erken geldi, kadın gelmeye bile tenezzül etmedi.","Erken geldi, o bile ortaya çıkmaktan rahatsız etmedi.","Erken geldi, o ise gelmek için zahmet bile etmedi.","O erken geldi, o ise gelmeye bile bile dikkat etmedi.","Erken geldi, oysa o bile gelmemeye bile aldırmadı.","[""o"", ""o""]","[""1"", ""1""]","[""adam"", ""kadın""]","[""1"", ""1""]","[""-"", ""o""]","[""0"", ""1""]","[""-"", ""o""]","[""0"", ""1""]","[""o"", ""o""]","[""1"", ""1""]","[""-"", ""o""]","[""0"", ""1""]"
31,"I value honesty, but you prefer convenience.",Translator 2,"Ben dürüstlüğe değer veriyorum, sen ise kolay olanı tercih ediyorsun.","['i', 'you']","[1, 1]",4,Dürüstlüğe değer veriyorum ama sen kolaylığı tercih ediyorsun.,Ben dürüstlüğünü takdir ediyorum ama rahatlığı tercih ediyorsun.,Ben dürüstlüğe değer veriyorum ama sen kolaylığı tercih ediyorsun.,"Dürüstlüğü değer veririm, ancak siz kolaylığa öncelik veriyorsunuz.","İnançlılık değer veririm, ancak siz konforu tercih ediyorsunuz.","[""ben"", ""sen""]","[""1"", ""1""]","[""-"", ""sen""]","[""0"", ""1""]","[""ben"", ""-""]","[""1"", ""0""]","[""ben"", ""sen""]","[""1"", ""1""]","[""-"", ""siz""]","[""0"", ""1""]","[""-"", ""siz""]","[""0"", ""1""]"
32,"She speaks quickly, yet he takes his time to respond.",Translator 1,"O hızlı konuşuyor, ama o cevap vermekte aceleci değil.","['she', 'he']","[1, 1]",4,Çok hızlı konuşuyor ama adam cevap vermek için acele etmiyor.,Hızlı konuşuyor ama cevap vermek için zaman alıyor.,"Karısı hemen konuşuyor, ama kocası cevap vermeye çok zaman ayırıyor.","O hızlı konuşur, ancak cevap vermek için zamanını alır.",Hızlı konuşur ama o cevap vermek için zaman alır.,"[""o"", ""o""]","[""1"", ""1""]","[""-"", ""adam""]","[""0"", ""1""]","[""-"", ""-""]","[""0"", ""0""]","[""karısı"", ""kocası""]","[""1"", ""1""]","[""o"", ""-""]","[""1"", ""0""]","[""-"", ""o""]","[""0"", ""1""]"
33,"You focus on appearance, while I care about substance.",Translator 2,"Sen dış görünüme odaklanıyorsun, ben ise özüne.","['you', 'i']","[1, 1]",4,"Sen görünüşe odaklan, ben maddeye önem veriyorum.","Görünüşe odaklanıyorsun, ben de maddeye önem veriyorum.","Sen görünüşe odaklan, bense içeriğe.","Sen görünüşe odaklanırken, ben ise içeriğe önem veriyorum.","Görünüşe odaklanıyorsunuz, ben ise içeriğe önem veriyorum.","[""sen"", ""ben""]","[""1"", ""1""]","[""sen"", ""ben""]","[""1"", ""1""]","[""-"", ""ben""]","[""0"", ""1""]","[""sen"", ""ben""]","[""1"", ""1""]","[""sen"", ""ben""]","[""1"", ""1""]","[""-"", ""ben""]","[""0"", ""1""]"
34,"He reads novels, but I prefer documentaries.",Translator 2,"O roman okur, ben ise belgeselleri tercih ederim","['he', 'i']","[1, 1]",5,Roman okuyor ama ben belgeselleri tercih ederim.,Romanları okuyor ama belgeselleri tercih ediyorum.,"O roman okur, ama ben belgeselleri tercih ederim.","O romanlar okuyor, ama ben belgeselleri tercih ediyorum.","Roman okur, ama ben belgeselleri tercih ederim.","[""o"", ""ben""]","[""1"", ""1""]","[""-"", ""ben""]","[""0"", ""1""]","[""-"", ""-""]","[""0"", ""0""]","[""o"", ""ben""]","[""1"", ""1""]","[""o"", ""ben""]","[""1"", ""1""]","[""-"", ""ben""]","[""0"", ""1""]"
35,She practices every day; he plays only when inspired.,Translator 1,O her gün pratik yaparken o sadece ilham geldiğinde oynuyor.,"['she', 'he']","[1, 1]",5,"Her gün antrenman yapıyor, sadece ilham aldığında çalıyor.",Her gün pratik yapıyor; sadece ilham aldığında oynuyor.,O her gün pratik yapıyor; o sadece ilham aldığında çalıyor.,O her gün pratik yapar; o ise ilham aldığında oynar.,Günlük olarak pratik yapar; o ancak ilhamlandığında oynar.,"[""o"", ""o""]","[""1"", ""1""]","[""-"", ""-""]","[""0"", ""0""]","[""-"", ""-""]","[""0"", ""0""]","[""o"", ""o""]","[""1"", ""1""]","[""o"", ""o""]","[""1"", ""1""]","[""-"", ""o""]","[""0"", ""1""]"
36,"You find peace in silence, but I thrive on noise.",Translator 2,"Sen sessizlikte huzur buluyorsun, ben ise gürültüyle besleniyorum.","['you', 'i']","[1, 1]",5,"Sen sessizlikte huzuru bulursun, ama ben gürültüde başarılı olurum.",Sessizliğin içinde barış bulursun ama ben gürültüde gelişirim.,"Sessizliğin huzurunu bulursun, ama ben gürültüyle büyürüm.","Sessizlikte huzur buluyorsun, ama ben gürültüden besleniyorum.","Sessizlikte barış bulursun, ama ben gürültüde yaşarım.","[""sen"", ""ben""]","[""1"", ""1""]","[""sen"", ""ben""]","[""1"", ""1""]","[""-"", ""ben""]","[""0"", ""1""]","[""-"", ""ben""]","[""0"", ""1""]","[""-"", ""ben""]","[""0"", ""1""]","[""-"", ""ben""]","[""0"", ""1""]"
37,"He saves every penny, while she spends without thinking.",Translator 2,"O her kuruşu biriktirir, o ise düşünmeden harcar.","['he', 'she']","[1, 1]",5,"Her kuruşunu biriktirir, o da düşünmeden harcar.","O her kuruşu kurtarırken, düşünmeden harcıyor.","O, her kuruşunu biriktirirken, kadın düşünmeden harcar.","O her kuruşu biriktirirken, o düşünmeden harcıyor.","Her para birimi kurtarıyor, oysa o düşünmeden harlı.","[""o"", ""o""]","[""1"", ""1""]","[""-"", ""o""]","[""0"", ""1""]","[""o"", ""-""]","[""1"", ""0""]","[""o"", ""kadın""]","[""1"", ""1""]","[""o"", ""o""]","[""1"", ""1""]","[""-"", ""o""]","[""0"", ""1""]"
38,"I enjoy social events, but you always look for an excuse to leave.",Translator 2,Ben sosyal etkinliklerden hoşlanırım ama sen hep gitmek için bir bahane ararsın.,"['i', 'you']","[1, 1]",5,Sosyal etkinlikleri severim ama sen her zaman gitmek için bir bahane arıyorsun.,Sosyal etkinliklerden zevk alıyorum ama her zaman ayrılmak için bir bahane arıyorsunuz.,Sosyal etkinliklerden hoşlanıyorum ama sen her zaman ayrılmak için bir bahane arıyorsun.,"Sosyal etkinliklerden keyif alıyorum, ancak her zaman ayrılmak için bir bahane arıyorsun.","Sosyal olayları keyifli bulurum, ama sen hep bir mazeret arar gidişe.","[""ben"", ""sen""]","[""1"", ""1""]","[""-"", ""sen""]","[""0"", ""1""]","[""-"", ""-""]","[""0"", ""0""]","[""-"", ""sen""]","[""0"", ""1""]","[""-"", ""-""]","[""0"", ""0""]","[""-"", ""sen""]","[""0"", ""1""]"
39,"You trust easily, but I question everyone.",Translator 1,Sen herkese kolayca güveniyorsun ama ben öyle değilim.,"['you', 'i']","[1, 1]",5,Sen kolay güveniyorsun ama ben herkesi sorguluyorum.,Herkese güvenebilirsin ama herkese soruyorum.,"Sen kolayca güvenirsin, ama ben herkesi sorguluyorum.","Kolayca güveniyorsun, ama ben herkesi sorguluyorum.","Sokak güveniyorsun, ama ben herkesi sorguluyorum.","[""sen"", ""ben""]","[""1"", ""1""]","[""sen"", ""ben""]","[""1"", ""1""]","[""-"", ""-""]","[""0"", ""0""]","[""sen"", ""ben""]","[""1"", ""1""]","[""-"", ""ben""]","[""0"", ""1""]","[""-"", ""ben""]","[""0"", ""1""]"
40,"She forgives quickly, yet he holds grudges.",Translator 1,O hemen affeder ama o kincidir.,"['she', 'he']","[1, 1]",5,Çok çabuk affediyor ama adam kin tutuyor.,"Hızlıca bağışlar, ama çürükler tutar.","Kadın hemen affeder, ama erkek kin besler.","O hızla affediyor, ancak o öfkeyle dalga geçiyor.","Hemen affeder, fakat o intikam duygusuyla yanılır.","[""o"", ""o""]","[""1"", ""1""]","[""-"", ""adam""]","[""0"", ""1""]","[""-"", ""-""]","[""0"", ""0""]","[""kadın"", ""erkek""]","[""1"", ""1""]","[""o"", ""o""]","[""1"", ""1""]","[""-"", ""o""]","[""0"", ""1""]"
41,"I like order, but you seem to love chaos.",Translator 2,"Ben düzeni severim, sen ise kaosu seviyor gibisin.","['i', 'you']","[1, 1]",5,Düzeni severim ama sen kaosu seviyor gibisin.,Ben düzen seviyorum ama kaos seviyor gibi görünüyor.,Ben düzeni severim ama sen kaos seviyor gibisin.,"Ben düzeni severim, ama siz kaosa bayılıyorsunuz gibi.","Sıra düzenini seviyorum, ama sen sanki kaosun sevdiğini görünen.","[""ben"", ""sen""]","[""1"", ""1""]","[""-"", ""sen""]","[""0"", ""1""]","[""ben"", ""-""]","[""1"", ""0""]","[""ben"", ""sen""]","[""1"", ""1""]","[""ben"", ""siz""]","[""1"", ""1""]","[""-"", ""sen""]","[""0"", ""1""]"
42,"He follows the rules, while she challenges them.",Translator 1,O kurallara karşı gelirken o her zaman uyar.,"['he', 'she']","[1, 1]",5,"O kurallara uyarken, o da onlara meydan okuyor.",Kuralları takip ederken onları meydan okuyor.,"O kuralları takip ederken, kadın onlara karşı çıkıyor.","O kurallara uyarken, o ise onları sorguluyor.","O kuralları takip ederken, o onlara meydan okur.","[""o"", ""o""]","[""1"", ""1""]","[""o"", ""o""]","[""1"", ""1""]","[""-"", ""-""]","[""0"", ""0""]","[""o"", ""kadın""]","[""1"", ""1""]","[""o"", ""o""]","[""1"", ""1""]","[""o"", ""o""]","[""1"", ""1""]"
43,"You want quick results, but I believe in patience.",Translator 2,"Sen hızlı sonuç istiyorsun, ben ise sabra inanıyorum.","['you', 'i']","[1, 1]",4,"Sen çabuk sonuç istiyorsun, ama ben sabıra inanıyorum.",Hızlı sonuçlar istiyorsunuz ama sabırlı olduğuna inanıyorum.,Hızlı sonuçlar istiyorsun ama ben sabırlıyım.,"Hızlı sonuçlar istiyorsun, ancak sabırın olduğuna inanıyorum.","Hızlı sonuçlar istiyorsunuz, ancak ben sabırda inanıyorum.","[""sen"", ""ben""]","[""1"", ""1""]","[""sen"", ""ben""]","[""1"", ""1""]","[""-"", ""-""]","[""0"", ""0""]","[""-"", ""ben""]","[""0"", ""1""]","[""-"", ""-""]","[""0"", ""0""]","[""-"", ""ben""]","[""0"", ""1""]"
44,"She dreams big, but he fears failure.",Translator 1,O büyük hayaller kurarken o başarısızlıktan korkar.,"['she', 'he']","[1, 1]",5,"O büyük hayaller kurar, ama o başarısızlıktan korkar.",Büyük rüya görüyor ama başarısızlıktan korkuyor.,O büyük hayaller kuruyor ama o başarısızlıktan korkuyor.,"O büyük hedefler belirler, ancak o başarısızlık korkusuyla yaşar.","Büyük hayaller kuruyor, ama o başarısızlıktan korkuyor.","[""o"", ""o""]","[""1"", ""1""]","[""o"", ""o""]","[""1"", ""1""]","[""-"", ""-""]","[""0"", ""0""]","[""o"", ""o""]","[""1"", ""1""]","[""o"", ""o""]","[""1"", ""1""]","[""-"", ""o""]","[""0"", ""1""]"
45,"I took responsibility, but you walked away from it.",Translator 1,Ben sorumluluk aldım ama sen sorumluluktan kaçtın.,"['i', 'you']","[1, 1]",5,Sorumluluğu üstlendim ama sen çekip gittin.,Sorumluluğu kabul ettim ama siz ondan uzaklaştınız.,Ben sorumluluğu aldım ama sen ondan kaçtın.,"Ben sorumluluğu üstlendim, ama siz ondan çekildiniz.",Sorumluluk aldım ama siz ondan uzaklaştınız.,"[""ben"", ""sen""]","[""1"", ""1""]","[""-"", ""sen""]","[""0"", ""1""]","[""-"", ""siz""]","[""0"", ""1""]","[""ben"", ""sen""]","[""1"", ""1""]","[""ben"", ""siz""]","[""1"", ""1""]","[""-"", ""siz""]","[""0"", ""1""]"
46,"He chose security, while I chose adventure.",Translator 2,"O güvenliği seçti, ben ise macerayı.","['he', 'i']","[1, 1]",5,Ben macerayı seçerken o güvenliği seçti.,"Güvenliği seçti, ben de macerayı seçtim.","O güvenliği seçti, bense macera.","O güvenlik seçmeyi seçerken, ben macerayı seçtim.","Güvenliği seçti, ben ise macaya taraftım.","[""o"", ""ben""]","[""1"", ""1""]","[""o"", ""ben""]","[""1"", ""1""]","[""-"", ""ben""]","[""0"", ""1""]","[""o"", ""ben""]","[""1"", ""1""]","[""o"", ""ben""]","[""1"", ""1""]","[""-"", ""ben""]","[""0"", ""1""]"
47,"You may hesitate, but I will take the risk.",Translator 1,Sen tereddüt ediyor olabilirsin ama ben bu riski alacağım.,"['you', 'i']","[1, 1]",5,Tereddüt edebilirsin ama bu riski alacağım.,Hiç tereddüt edebilirsin ama risk alırım.,Tereddüt edebilirsin ama ben riske gireceğim.,"Belki tereddüt edebilirsiniz, ama ben riski alacağım.","Belki tereddüt edersin, ama ben riski alacağım.","[""sen"", ""ben""]","[""1"", ""1""]","[""-"", ""-""]","[""0"", ""0""]","[""-"", ""-""]","[""0"", ""0""]","[""-"", ""ben""]","[""0"", ""1""]","[""-"", ""ben""]","[""0"", ""1""]","[""-"", ""ben""]","[""0"", ""1""]"
48,"You enjoy staying indoors, whereas I like being outside from dawn to dusk.",Translator 2,"Sen evde kalmayı seviyorsun, ben ise sabahtan akşama kadar dışarıda olmayı.","['you', 'i']","[1, 1]",5,"Sen evde kalmayı seviyorsun, bense şafaktan akşama kadar dışarıda olmayı.","İçeride kalmaktan hoşlanıyorsun, ben de sabahtan akşama kadar dışarı çıkmayı seviyorum.","Sen evin içinde kalmaktan hoşlanıyorsun, oysa ben sabahtan akşama kadar dışarıda olmayı seviyorum.","İçeride kalmaktan keyif alırken, ben sabahın ilk ışıklarından akşam olup bitene kadar dışarıda olmaktan hoşlanırım.","Evde kalmanızı keyfinize çeviren bir şey varken, ben doğumdan batana kadar dışarıda olmak sevdigim bir şey.","[""sen"", ""ben""]","[""1"", ""1""]","[""sen"", ""ben""]","[""1"", ""1""]","[""-"", ""ben""]","[""0"", ""1""]","[""sen"", ""ben""]","[""1"", ""1""]","[""-"", ""ben""]","[""0"", ""1""]","[""-"", ""ben""]","[""0"", ""1""]"
49,"He trusts people easily, but she questions everyone’s intentions.",Translator 2,"O insanlara kolayca güvenir, o ise herkesin niyetini sorgular.","['he', 'she']","[1, 1]",5,"O insanlara kolayca güvenir, fakat o herkesin niyetini sorgular.",İnsanlara kolayca güveniyor ama herkesin niyetini sorguluyor.,"O insanlara kolayca güvenir, ama o herkesin niyetini sorgular.","O, insanlara kolayca güvenir, ancak o, herkesin niyetlerini sorgular.","O insanları kolayca güveniyor, fakat o herkesin niyetini sorguluyor.","[""o"", ""o""]","[""1"", ""1""]","[""o"", ""o""]","[""1"", ""1""]","[""-"", ""-""]","[""0"", ""0""]","[""o"", ""o""]","[""1"", ""1""]","[""o"", ""o""]","[""1"", ""1""]","[""o"", ""o""]","[""1"", ""1""]"
50,"They follow every rule, while we prefer to bend them when necessary.",Translator 2,"Onlar her kurala uyar, biz ise gerektiğinde esnetmeyi tercih ederiz","['they', 'we']","[1, 1]",5,"Her kuralı uygularlar, biz ise gerektiğinde onları bükmeyi tercih ederiz.","Her kuralı takip ederken, gerektiğinde onları bağlamayı tercih ederiz.","Her kuralı takip ederler, biz ise gerektiğinde onları eğmeyi tercih ederiz.","Onlar her kurala tam olarak uyarlar, biz ise gerektiğinde bu kuralları esnetmeyi tercih ederiz.","Her kuralı takip ederlerken, biz gerektiğinde onları eğmekten daha tercih ediyoruz.","[""onlar"", ""biz""]","[""1"", ""1""]","[""-"", ""biz""]","[""0"", ""1""]","[""-"", ""-""]","[""0"", ""0""]","[""-"", ""biz""]","[""0"", ""1""]","[""onlar"", ""biz""]","[""1"", ""1""]","[""-"", ""biz""]","[""0"", ""1""]"
51,"She speaks her mind openly, yet he keeps his thoughts to himself.",Translator 2,"O düşüncelerini açıkça söyler, o ise kendine saklar.","['she', 'he']","[1, 1]",5,"Zihnini açık açık konuşuyor, ama o düşüncelerini kendine saklıyor.","Zihnini açıkça konuşur, ama düşüncelerini kendisine tutar.","Karısı düşüncelerini açıkça dile getiriyor, ama kocası düşüncelerini kendine saklıyor.","O, düşüncelerini açıkça dile getirirken, o ise kendi düşüncelerini saklı tutar.","Ona açıkça düşüncelerini söyleyen o, düşüncelerini kendine saklayan biridir.","[""o"", ""o""]","[""1"", ""1""]","[""-"", ""o""]","[""0"", ""1""]","[""-"", ""-""]","[""0"", ""0""]","[""karısı"", ""kocası""]","[""1"", ""1""]","[""o"", ""o""]","[""1"", ""1""]","[""-"", ""o""]","[""0"", ""1""]"
52,"I like planning every detail, but you prefer to act on impulse.",Translator 2,"Ben her detayı planlamayı severim, sen ise anlık hareket etmeyi.","['i', 'you']","[1, 1]",5,Her detayı planlamayı severim ama sen ani hareket etmeyi tercih ediyorsun.,Her ayrıntıyı planlamayı seviyorum ama dürtüyle hareket etmeyi tercih ediyorsunuz.,Her detayı planlamayı severim ama sen dürtüsel davranmayı tercih ediyorsun.,"Her detayı planlamayı seviyorum, ama siz ise aniden hareket etmeyi tercih ediyorsunuz.","Her ayrıntıyı planlamak hoşuma gider, ancak siz ani hareket etmekten hoşlanır.","[""ben"", ""sen""]","[""1"", ""1""]","[""-"", ""sen""]","[""0"", ""1""]","[""-"", ""-""]","[""0"", ""0""]","[""-"", ""sen""]","[""0"", ""1""]","[""-"", ""siz""]","[""0"", ""1""]","[""-"", ""siz""]","[""0"", ""1""]"
53,"We focus on long term goals, whereas they chase quick wins.",Translator 2,"Biz uzun vadeli hedeflere odaklanırız, onlar ise hızlı kazanımların peşinden koşar.","['we', 'they']","[1, 1]",5,Biz uzun vadeli hedeflere odaklanırken onlar hızlı bir şekilde kazanıyor.,"Uzun vadeli hedeflere odaklanıyoruz, hızlı kazançlar peşinde koşuyorlar.","Biz uzun vadeli hedeflerimize odaklanıyoruz, onlarsa kısa vadeli kazançların peşinde.","Biz uzun vadeli hedeflere odaklanırken, onlar ise hızlı sonuçlar elde etmeye çalışıyor.","Uzun vadeli hedeflere odaklanıyoruz, onlar ise hızlı kazanımlar peşinde.","[""biz"", ""onlar""]","[""1"", ""1""]","[""biz"", ""onlar""]","[""1"", ""1""]","[""-"", ""-""]","[""0"", ""0""]","[""biz"", ""onlar""]","[""1"", ""1""]","[""biz"", ""onlar""]","[""1"", ""1""]","[""-"", ""onlar""]","[""0"", ""1""]"
54,"You see only the risks, but I notice the potential benefits.",Translator 1,Sen sadece riskleri görüyorsun ama ben sağlayabileceği yararların da farkındayım.,"['you', 'i']","[1, 1]",5,"Sen sadece riskleri görüyorsun, ama ben potansiyel faydaları fark ediyorum.",Sadece riskleri görüyorsunuz ama potansiyel faydaları fark ediyorum.,"Sen sadece riskleri görüyorsun, ama ben potansiyel faydaları görüyorum.","Sadece riskleri görüyorsunuz, ancak ben potansiyel faydaları fark ediyorum.","Sadece riskleri görüyorsun, ama ben potansiyel faydaları fark ediyorum.","[""sen"", ""ben""]","[""1"", ""1""]","[""sen"", ""ben""]","[""1"", ""1""]","[""-"", ""-""]","[""0"", ""0""]","[""sen"", ""ben""]","[""1"", ""1""]","[""-"", ""ben""]","[""0"", ""1""]","[""-"", ""ben""]","[""0"", ""1""]"
55,"He reacts emotionally, while she responds in a very logical way.",Translator 2,"O duygusal tepki verir, o ise son derece mantıklı davranır.","['he', 'she']","[1, 1]",5,"O duygusal tepki verirken, o da çok mantıklı bir şekilde karşılık veriyor.","Duygusal olarak tepki verirken, çok mantıklı bir şekilde tepki verir.","Adam duygusal tepki verirken, kadın mantıklı bir şekilde cevap verir.","O duygusal tepkiler verirken, o çok mantıklı bir şekilde karşılık veriyor.","O duygusal tepki verirken, o çok mantıklı bir şekilde yanıt verir.","[""o"", ""o""]","[""1"", ""1""]","[""o"", ""o""]","[""1"", ""1""]","[""-"", ""-""]","[""0"", ""0""]","[""adam"", ""kadın""]","[""1"", ""1""]","[""o"", ""o""]","[""1"", ""1""]","[""o"", ""o""]","[""1"", ""1""]"
56,"I try to resolve conflicts gently, whereas you confront issues directly.",Translator 2,"Ben çatışmaları yumuşak bir şekilde çözmeye çalışırım, sen ise sorunların üstüne üstüne gidersin.","['i', 'you']","[1, 1]",5,"Ben anlaşmazlıkları nazikçe çözmeye çalışıyorum, sense doğrudan sorunlarla yüzleşiyorsun.","Ben anlaşmazlıkları yumuşak bir şekilde çözmeye çalışıyorum, sorunları doğrudan karşılaşırken.","Ben anlaşmazlıkları nazikçe çözmeye çalışıyorum, sen ise sorunlarla doğrudan yüzleşiyorsun.","Ben çatışmaları nazik bir şekilde çözmeye çalışıyorum, siz ise sorunları doğrudan ele alıyorsunuz.","İhtilafları yumuşak bir şekilde çözmeye çalışırım, fakat siz konuları doğrudan ele alırsınız.","[""ben"", ""sen""]","[""1"", ""1""]","[""ben"", ""sen""]","[""1"", ""1""]","[""ben"", ""-""]","[""1"", ""0""]","[""ben"", ""sen""]","[""1"", ""1""]","[""ben"", ""siz""]","[""1"", ""1""]","[""-"", ""siz""]","[""0"", ""1""]"
57,"She invests in experiences, while he spends most of his money on gadgets.",Translator 2,"O deneyimlere yatırım yapar, o ise parasının çoğunu teknolojik aletlere harcar","['she', 'he']","[1, 1]",5,"O deneyimlere yatırım yaparken, o da parasının çoğunu aletlere harcıyor.","Deneyime yatırım yapıyor, çoğu parayı gadgetlara harcıyor.","O, deneyimlere yatırım yaparken, kocası paralarının çoğunu aletlere harcar.","O, deneyimlere yatırım yaparken, o ise büyük çoğunluğunu elektronik cihazlara harcıyor.","O deneyimler üzerinde yatırım yaparken, o çoğunlukla parağını cihazlara harcıyor.","[""o"", ""o""]","[""1"", ""1""]","[""o"", ""-""]","[""1"", ""0""]","[""-"", ""-""]","[""0"", ""0""]","[""o"", ""kocası""]","[""1"", ""1""]","[""o"", ""o""]","[""1"", ""1""]","[""o"", ""o""]","[""1"", ""1""]"
58,"You keep everything organized, but I leave things where they land.",Translator 1,"Sen her şeyi düzenlersin, bense oldukları yerde bırakırım.","['you', 'i']","[1, 1]",5,"Sen her şeyi düzenli tutuyorsun, ama ben her şeyi onların indiği yere bırakıyorum.",Her şeyi düzenli tutuyorsun ama ben işleri yere bırakıyorum.,Sen her şeyi düzenli tutuyorsun ama ben her şeyi olduğu yerde bırakıyorum.,"Her şeyi düzenli tutuyorsun, ama ben eşyaları bıraktığım yerde bırakıyorum.","Her şeyi düzenli tutuyorsun, ama ben şeyleri nereye düşürürsem orda bırakıyorum.","[""sen"", ""ben""]","[""1"", ""1""]","[""sen"", ""ben""]","[""1"", ""1""]","[""-"", ""ben""]","[""0"", ""1""]","[""sen"", ""ben""]","[""1"", ""1""]","[""-"", ""ben""]","[""0"", ""1""]","[""-"", ""ben""]","[""0"", ""1""]"
59,"He prefers working alone, whereas she thrives in a busy team.",Translator 1,"O kalabalık bir ekipte gelişirken, o yalnız çalışmayı tercih eder.","['he', 'she']","[1, 1]",4,"O yalnız çalışmayı tercih ediyor, o ise yoğun bir takımda.","Tek başına çalışmayı tercih ederken, meşgul bir takımda başarılı olur.","O yalnız çalışmayı tercih ederken, kadın yoğun bir ekipte gelişir.","O, yalnız çalışmayı tercih ederken, o ise hareketli bir takımda çalışmaktan keyif alır.","Tek başına çalışmayı tercih ederken, o ise hareketli bir takımda çiçek açar.","[""o"", ""o""]","[""1"", ""1""]","[""o"", ""o""]","[""1"", ""1""]","[""-"", ""-""]","[""0"", ""0""]","[""o"", ""kadın""]","[""1"", ""1""]","[""o"", ""o""]","[""1"", ""1""]","[""-"", ""o""]","[""0"", ""1""]"
60,"They celebrate every small win, but we save our energy for the big ones.",Translator 2,"Onlar her küçük başarıyı kutlar, biz ise enerjimizi büyükler için saklarız.","['they', 'we']","[1, 1]",5,Her küçük galibiyeti kutlarlar ama biz enerjimizi büyüklere saklarız.,"Onlar her küçük zaferini kutluyorlar, ama büyükler için enerjimizi tasarruf ediyoruz.","Onlar her küçük zaferi kutlarlar, ama biz büyük zaferler için enerjimizi saklarız.","Onlar her küçük başarıyı kutlarlar, ancak biz büyük olanlar için enerjimizi koruyoruz.",Her küçük zaferi kutlarlar ama biz büyük zaferler için enerjimizi saklarız.,"[""onlar"", ""biz""]","[""1"", ""1""]","[""-"", ""biz""]","[""0"", ""1""]","[""onlar"", ""-""]","[""1"", ""0""]","[""onlar"", ""biz""]","[""1"", ""1""]","[""onlar"", ""biz""]","[""1"", ""1""]","[""-"", ""biz""]","[""0"", ""1""]"
61,"She adapts quickly to change, but he clings to his usual routines.",Translator 1,O değişikliklere hızlıca adapte olurken o alışkanlıklarına bağlıdır.,"['she', 'he']","[1, 1]",5,"O değişmek için hızlı uyum sağlar, ama o her zamanki rutinlerine bağlı kalır.","Değişmeye hızlı bir şekilde uyum sağlar, ancak sıradan rutinlerine uymaktadır.",Kadın değişime çabucak adapte oluyor ama erkek alışık olduğu rutinine bağlı kalıyor.,"O, değişime hızla uyum sağlar, ancak o, rutinlerine sıkı sıkıya bağlı kalır.","Değişime hızla adapte olur, ama o eski rutinlerine tutunur.","[""o"", ""o""]","[""1"", ""1""]","[""o"", ""o""]","[""1"", ""1""]","[""-"", ""-""]","[""0"", ""0""]","[""kadın"", ""erkek""]","[""1"", ""1""]","[""o"", ""o""]","[""1"", ""1""]","[""-"", ""o""]","[""0"", ""1""]"
62,"We share information freely, whereas they guard every detail.",Translator 2,"Biz bilgiyi özgürce paylaşırız, onlar ise her ayrıntıyı saklar.","['we', 'they']","[1, 1]",5,"Biz bilgilerimizi özgürce paylaşırız, onlar ise her detayı korurlar.","Bilgiyi özgürce paylaşırken, her ayrıntıyı korur.","Biz bilgiyi özgürce paylaşıyoruz, onlarsa her detayı saklıyorlar.","Biz, bilgileri serbestçe paylaşıyoruz, ancak onlar her detayı koruyor.","Bilgilerimizi özgürce paylaşıyoruz, ancak onlar her ayrıntıyı koruyorlar.","[""biz"", ""onlar""]","[""1"", ""1""]","[""biz"", ""onlar""]","[""1"", ""1""]","[""-"", ""-""]","[""0"", ""0""]","[""biz"", ""onlar""]","[""1"", ""1""]","[""biz"", ""onlar""]","[""1"", ""1""]","[""-"", ""onlar""]","[""0"", ""1""]"
63,"You treat mistakes as failures, but I treat them as practice.",Translator 1,"Sen hataları başarısızlık olarak görüyorsun, bense alıştırma.","['you', 'i']","[1, 1]",5,"Hataları başarısızlık olarak görüyorsun, ama ben onlara pratik gibi davranıyorum.",Hataları başarısızlıklar olarak görürsünüz ama ben bunları uygulama olarak görürüm.,Sen hataları başarısızlık olarak görüyorsun ama ben onları pratik olarak görüyorum.,"Hataları başarısızlık olarak görüyorsun, ama ben onları pratik olarak değerlendiriyorum.","Hataları başarısızlıklar olarak görüyorsun, ama ben onları pratiğe dönüştürüyorum.","[""sen"", ""ben""]","[""1"", ""1""]","[""-"", ""ben""]","[""0"", ""1""]","[""-"", ""ben""]","[""0"", ""1""]","[""sen"", ""ben""]","[""1"", ""1""]","[""-"", ""ben""]","[""0"", ""1""]","[""-"", ""ben""]","[""0"", ""1""]"
64,"He talks confidently in public, while she prefers to write down her ideas.",Translator 2,"O topluluk önünde özgüvenle konuşur, o ise fikirlerini yazmayı tercih eder.","['he', 'she']","[1, 1]",5,"Kadın fikirlerini yazmayı tercih ederken, adam herkesin içinde kendine güvenerek konuşuyor.","Kendine güvenle konuşur, fikirlerini yazmayı tercih eder.","Kocası herkesin önünde konuşurken kendine güvenen biri, karısı ise düşüncelerini yazılı olarak aktarmayı tercih ediyor.","O, halka yüksekten konuşmayı tercih ederken, o ise fikirlerini yazmayı tercih ediyor.","Kamu önünde güvenle konuşurken, o fikirlerini yazmak tercih eder.","[""o"", ""o""]","[""1"", ""1""]","[""kadın"", ""adam""]","[""1"", ""1""]","[""-"", ""-""]","[""0"", ""0""]","[""kocası"", ""karısı""]","[""1"", ""1""]","[""o"", ""o""]","[""1"", ""1""]","[""-"", ""o""]","[""0"", ""1""]"
65,"They travel whenever possible, whereas we rarely leave our hometown.",Translator 2,"Onlar fırsat buldukça seyahat eder, biz ise memleketimizden nadiren ayrılırız.","['they', 'we']","[1, 1]",5,"Mümkün olduğunca seyahat ediyorlar, oysa biz nadiren memleketimizi terk ediyoruz.","Mümkün olduğunda seyahat ederler, ancak nadiren ülkemizi terk ederiz.","Onlar mümkün olduğunda seyahat ederler, biz ise memleketimizden nadiren ayrılıyoruz.","Onlar mümkün olduğunca seyahat ederken, biz ise genellikle kendi memleketimizde kalırız.","Her zaman seyahat ederler, biz ise genellikle köyümüzde kalmayı tercih ediyoruz.","[""onlar"", ""biz""]","[""1"", ""1""]","[""-"", ""biz""]","[""0"", ""1""]","[""-"", ""-""]","[""0"", ""0""]","[""onlar"", ""biz""]","[""1"", ""1""]","[""onlar"", ""biz""]","[""1"", ""1""]","[""-"", ""biz""]","[""0"", ""1""]"
66,"You enjoy waking up early, but I feel most energetic late at night.",Translator 1,Sen sabahları erken kalkmayı seviyorsun ama ben kendimi geceleri daha enerjik hissediyorum.,"['you', 'i']","[1, 1]",5,Sen erken kalkmayı seviyorsun ama ben geceleri çok enerjik hissediyorum.,Erken uyanmaktan zevk alıyorsun ama gece geç saatlerde en enerjik hissediyorum.,Sen erken uyanmayı seviyorsun ama ben gece geç saatlerde kendimi en enerjik hissediyorum.,"Sabah erken uyanmaktan keyif alıyorsun, ancak ben gece geç saatlerde daha enerjik hissediyorum.","Sabah erkenden uyanmayı seviyorsun, ama ben gecenin sonuna doğru en enerjik hissediyorum.","[""sen"", ""ben""]","[""1"", ""1""]","[""sen"", ""ben""]","[""1"", ""1""]","[""-"", ""-""]","[""0"", ""0""]","[""sen"", ""ben""]","[""1"", ""1""]","[""-"", ""ben""]","[""0"", ""1""]","[""-"", ""ben""]","[""0"", ""1""]"
67,"She reads scientific articles for fun, whereas he prefers crime novels.",Translator 1,"O eğlencesine bilimsel makaleler okur, o ise suç romanlarını tercih eder.","['she', 'he']","[1, 1]",5,"Kız eğlenmek için bilimsel makaleler okuyor, oysa o suç romanlarını tercih ediyor.","Eğlence için bilimsel makaleler okuyor, suç romanlarını tercih ediyor.","O eğlence için bilimsel makaleler okurken, o ise suç romanlarını tercih ediyor.","O, eğlence için bilimsel makaleler okurken, o ise suç romanlarını tercih ediyor.","O, keyfi için bilimsel makaleler okurken, o cinayet romanslarını tercih eder.","[""o"", ""o""]","[""1"", ""1""]","[""kız"", ""o""]","[""1"", ""1""]","[""-"", ""-""]","[""0"", ""0""]","[""o"", ""o""]","[""1"", ""1""]","[""o"", ""o""]","[""1"", ""1""]","[""o"", ""o""]","[""1"", ""1""]"
68,"They cook every meal at home, while we usually eat out.",Translator 2,"Onlar her öğünü evde pişirir, biz ise genelde dışarıda yeriz.","['they', 'we']","[1, 1]",5,Biz genelde dışarıda yemek yerken onlar evde her yemeği pişirirler.,Her yemeği evde pişirirken genellikle dışarıda yiyoruz.,"Her yemeği evde pişirirler, biz ise genellikle dışarıda yiyoruz.","Onlar her öğünü evde hazırlıyor, biz ise genellikle dışarıda yemek yiyoruz.",Evde her öğünü pişirlerken biz genellikle dışarıda yemek yeriz.,"[""onlar"", ""biz""]","[""1"", ""1""]","[""onlar"", ""biz""]","[""1"", ""1""]","[""-"", ""-""]","[""0"", ""0""]","[""-"", ""biz""]","[""0"", ""1""]","[""onlar"", ""biz""]","[""1"", ""1""]","[""-"", ""biz""]","[""0"", ""1""]"
69,"He saves every spare coin, but she spends freely on little luxuries.",Translator 2,"O artan her parayı biriktirir, o ise küçük lüksler için rahatça harcar.","['he', 'she']","[1, 1]",5,Adam her kuruşunu biriktiriyor ama kadın küçük lükslere rahatça para harcıyor.,"Her para birimini kurtarır, ancak küçük lükslere özgürce harcıyor.","O, her kuruşunu biriktirir, ama kadın küçük lüks şeylere bol bol harcar.","Her, her elindeki her kuruşu biriktiriyor, ancak o, küçük lüks harcamaları için hiç çekinmiyor.","Her boş para parçasını saklar, ama o küçük lükslere özgürce harcar.","[""o"", ""o""]","[""1"", ""1""]","[""adam"", ""kadın""]","[""1"", ""1""]","[""-"", ""-""]","[""0"", ""0""]","[""o"", ""kadın""]","[""1"", ""1""]","[""her"", ""o""]","[""1"", ""1""]","[""-"", ""o""]","[""0"", ""1""]"
70,"You like to keep conversations light, whereas I often dive into serious topics.",Translator 1,"Sen daha iç açıcı şeyler konuşmayı seviyorken, ben derin konular konuşmayı severim.","['you', 'i']","[1, 1]",5,"Siz sohbetleri hafife almayı severken, ben sık sık ciddi konulara dalıyorum.","Konuşmalarınızı açık tutmayı seviyorsunuz, çoğu zaman ciddi konulara dalıyorum.","Sen basit sohbetleri seviyorsun, oysa ben sık sık ciddi konulara dalıyorum.","Sıradan ve eğlenceli sohbetlere yönelmekten hoşlanırken, ben genellikle ciddi konulara girerim.","Konuşmalarınızı hafif tutmayı seviyorsunuz, ben ise genellikle ciddi konulara dalmayı severim.","[""sen"", ""ben""]","[""1"", ""1""]","[""siz"", ""ben""]","[""1"", ""1""]","[""-"", ""-""]","[""0"", ""0""]","[""sen"", ""ben""]","[""1"", ""1""]","[""-"", ""ben""]","[""0"", ""1""]","[""-"", ""ben""]","[""0"", ""1""]"
71,"We choose the safest route, but they always take the most exciting one.",Translator 2,"Biz en güvenli yolu seçeriz, onlar ise her zaman en heyecanlı olanı.","['we', 'they']","[1, 1]",5,Biz en güvenli yolu seçeriz ama onlar her zaman en heyecan verici yolu seçerler.,"Biz en güvenli yolu seçiyoruz, ama onlar her zaman en heyecan verici birini alır.","Biz en güvenli yolu seçeriz, ama onlar her zaman en heyecanlı olanı seçerler.","Biz en güvenli yolu seçiyoruz, ancak onlar her zaman en heyecan verici olanı tercih ediyor.","En güvenli rotu seçeriz, ancak onlar her zaman en heyecan verici rotayı seçer.","[""biz"", ""onlar""]","[""1"", ""1""]","[""biz"", ""onlar""]","[""1"", ""1""]","[""biz"", ""onlar""]","[""1"", ""1""]","[""biz"", ""onlar""]","[""1"", ""1""]","[""biz"", ""onlar""]","[""1"", ""1""]","[""-"", ""onlar""]","[""0"", ""1""]"
72,"She follows instructions exactly, while he improvises from the beginning.",Translator 2,"O talimatlara harfiyen uyar, o ise en baştan doğaçlama yapar.","['she', 'he']","[1, 1]",5,"O talimatlara harfiyen uyarken, o da başından beri doğaçlama yapıyor.","İpuçlarını tam olarak takip ederken, başından beri iyileşir.","O, talimatları tam olarak takip ederken, o baştan beri doğaçlama yapıyor.","O, talimatları tam olarak uygularken, o ise başından itibaren özgürce hareket eder.","O talimatları tam olarak takip ederken, o baştan keyfi olarak devam eder.","[""o"", ""o""]","[""1"", ""1""]","[""o"", ""o""]","[""1"", ""1""]","[""-"", ""-""]","[""0"", ""0""]","[""o"", ""o""]","[""1"", ""1""]","[""o"", ""o""]","[""1"", ""1""]","[""o"", ""o""]","[""1"", ""1""]"
73,"I work best under pressure, whereas you need plenty of time to prepare.",Translator 1,"Ben en iyi baskı altında çalışırım, sen ise kendini hazırlamak için zamana ihtiyaç duyarsın.","['i', 'you']","[1, 1]",5,"Ben en iyi baskı altında çalışırım, sense hazırlanmak için bolca zamana ihtiyacın var.","En iyisi baskı altında çalışıyorum, hazırlanmak için çok fazla zaman gerekiyor.","Ben baskı altında en iyi çalışırım, oysa senin hazırlanman için bolca zamana ihtiyacın var.","Ben en iyi şekilde baskı altında çalışırım, siz ise hazırlık için bol zamanınız gerekir.","Baskı altında en iyi çalışıyorum, siz ise hazırlanmak için bol miktarda zaman gerektiriyorsunuz.","[""ben"", ""sen""]","[""1"", ""1""]","[""ben"", ""sen""]","[""1"", ""1""]","[""-"", ""-""]","[""0"", ""0""]","[""ben"", ""-""]","[""1"", ""0""]","[""ben"", ""siz""]","[""1"", ""1""]","[""-"", ""siz""]","[""0"", ""1""]"
74,"They celebrate loudly, but we mark special days quietly.",Translator 1,"Onlar özel günleri daha gürültülü kutlarken, biz daha sakin kutlarız.","['they', 'we']","[1, 1]",5,Yüksek sesle kutluyorlar ama biz özel günleri sessizce işaretliyoruz.,"Onlar yüksek sesle kutluyorlar, ama özel günleri sessizce işaretliyoruz.","Onlar gürültülü kutlarlar, ama biz özel günleri sessizce kutlarız.","Onlar yüksek sesle kutlarlar, ancak biz özel günleri sessizce kutluyoruz.","Çok gürültülü kutluyorlar, ama biz özel günleri sakin bir şekilde işaretliyoruz.","[""onlar"", ""biz""]","[""1"", ""1""]","[""-"", ""biz""]","[""0"", ""1""]","[""onlar"", ""-""]","[""1"", ""0""]","[""onlar"", ""biz""]","[""1"", ""1""]","[""onlar"", ""biz""]","[""1"", ""1""]","[""-"", ""biz""]","[""0"", ""1""]"
75,"He trusts his intuition, while she relies on careful research.",Translator 1,"O sezgilerine güvenirken, o dikkatli bir araştırmayı esas alır.","['he', 'she']","[1, 1]",5,"O sezgilerine güvenirken, o da dikkatli bir araştırmaya güveniyor.",İçgüdüsüne güveniyor ve dikkatli araştırmalara güveniyor.,"O, sezgisine güveniyor, o ise dikkatli araştırmaya güveniyor.","O, sezgisine güvenirken, diğer ise dikkatli araştırmaya dayanır.","O, sezgisine güveniyor, oysa o dikkatli araştırmaya güveniyor.","[""o"", ""o""]","[""1"", ""1""]","[""o"", ""o""]","[""1"", ""1""]","[""-"", ""-""]","[""0"", ""0""]","[""o"", ""o""]","[""1"", ""1""]","[""o"", ""diğer""]","[""1"", ""1""]","[""o"", ""o""]","[""1"", ""1""]"
76,"You prefer solo projects, whereas I enjoy collaborating with a big team.",Translator 2,"Sen bireysel projeleri tercih ediyorsun, ben ise büyük bir ekiple çalışmaktan keyif alıyorum.","['you', 'i']","[1, 1]",5,"Sen solo projeleri tercih ediyorsun, bense büyük bir takımla işbirliği yapmaktan hoşlanıyorum.","Yalnız projeleri tercih ediyorsunuz, büyük bir takımla işbirliği yapmaktan zevk alıyorum.",Sen solo projeleri tercih ederken ben büyük bir takımla çalışmaktan hoşlanıyorum.,"Ben, büyük bir ekiple işbirliği yapmaktan keyif alırken, siz tek başınıza projeler yapmayı tercih ediyorsunuz.","Sola projelere özen gösteriyorsunuz, ben ise büyük bir ekiple birlikte çalışmaktan keyif alıyorum.","[""sen"", ""ben""]","[""1"", ""1""]","[""sen"", ""ben""]","[""1"", ""1""]","[""-"", ""-""]","[""0"", ""0""]","[""sen"", ""ben""]","[""1"", ""1""]","[""ben"", ""siz""]","[""1"", ""1""]","[""-"", ""ben""]","[""0"", ""1""]"
77,"We decorate our home minimally, but they fill every corner with souvenirs.",Translator 1,"Biz evimizi minimal dekore ediyoruz, ama onlar her tarafı eşyayla dolduruyorlar.","['we', 'they']","[1, 1]",5,Evimizi minimum dekore ediyoruz ama her köşeyi hatıralarla dolduruyorlar.,Evimizi en azından dekore ediyoruz ama her köşeyi hatıra ile dolduruyorlar.,Evimizi çok az süslemişizdir ama onlar her köşesini hatıralarla dolduruyorlar.,"Biz evimizi minimum düzeyde dekore ediyoruz, ancak onlar her köşeyi hatıralarla dolduruyor.","Evimizi minimalist olarak dekore ediyoruz, ama onlar her köşeyi hediye ile dolduruyorlar.","[""biz"", ""onlar""]","[""1"", ""1""]","[""-"", ""-""]","[""0"", ""0""]","[""-"", ""-""]","[""0"", ""0""]","[""-"", ""onlar""]","[""0"", ""1""]","[""biz"", ""onlar""]","[""1"", ""1""]","[""-"", ""onlar""]","[""0"", ""1""]"
78,"She exercises at sunrise, while he goes to the gym just before closing.",Translator 1,"O güneş doğarken antremana gider, o ise gym kapanmadan tam önce.","['she', 'he']","[1, 1]",5,Gündoğumunda egzersiz yapıyor. Adam da tam kapanmadan önce spor salonuna gidiyor.,"Güneş doğduğunda egzersiz yapıyor, o sadece kapatılmadan önce spor salonuna gidiyor.","O, gün doğarken egzersiz yapar, o da kapanmadan hemen önce spor salonuna gider.","O, gün doğarken egzersiz yaparken, o ise spor salonuna kapanmadan hemen gidiyor.","Gündoğumu saatlerinde spor yaparken, o ise kapamanın hemen öncesinde fitness merkezine gider.","[""o"", ""o""]","[""1"", ""1""]","[""-"", ""adam""]","[""0"", ""1""]","[""-"", ""o""]","[""0"", ""1""]","[""o"", ""o""]","[""1"", ""1""]","[""o"", ""o""]","[""1"", ""1""]","[""-"", ""o""]","[""0"", ""1""]"
79,"He keeps his desk spotless, while hers is always covered in papers.",Translator 2,"O masasını tertemiz tutarken, onunki sürekli kâğıtlarla doludur.",['he'],[1],5,"Masasını tertemiz tutarken, onunki her zaman kağıtlarla kaplıdır.","O, masasını yersiz tutar, o da her zaman kağıtlarla kaplıdır.","Masasını lekesiz tutuyor, ama onunki her zaman kağıtlarla kaplı.","O, masasını her zaman tertemiz tutar, o ise masası her zaman kağıtlarla doludur.","Masası her zaman boş dururken, onun masası her zaman kağıtlarla kaplıdır.","[""o""]","[""1""]","[""-""]","[""0""]","[""o""]","[""1""]","[""-""]","[""0""]","[""o""]","[""1""]","[""-""]","[""0""]"
80,"You remember every birthday, but I constantly lose track of dates.",Translator 1,"Sen doğum günlerini hep hatırlıyorsun, ama ben sürekli unutuyorum.","['you', 'i']","[1, 1]",5,Her doğum gününü hatırlıyorsun ama ben sürekli tarihleri unutuyorum.,Her doğum gününü hatırlıyorsun ama sürekli tarihlerin izini kaybederim.,Sen her doğum gününü hatırlıyorsun ama ben sürekli tarihleri unutuyorum.,"Her doğum gününi hatırlıyorsun, ama ben sürekli tarihlerden habersiz kalıyorum.",Her doğum gününüzü hatırlıyorsunuz ama ben sürekli tarihleri takip edemiyorum.,"[""sen"", ""ben""]","[""1"", ""1""]","[""-"", ""ben""]","[""0"", ""1""]","[""-"", ""-""]","[""0"", ""0""]","[""sen"", ""ben""]","[""1"", ""1""]","[""-"", ""ben""]","[""0"", ""1""]","[""-"", ""ben""]","[""0"", ""1""]"
81,"We listen to classical music, whereas they dance to electronic beats.",Translator 2,"Biz klasik müzik dinleriz, onlar ise elektronik ritimlerle dans eder","['we', 'they']","[1, 1]",5,"Biz klasik müzik dinliyoruz, onlar ise elektronik ritimlerle dans ediyorlar.","Klasik müziği dinliyoruz, elektronik dövmelere dans ediyorlar.","Biz klasik müzik dinliyoruz, onlar ise elektronik ritmlere dans ediyorlar.","Biz klasik müzik dinliyoruz, onlar ise elektronik ritmlere göre dans ediyor.","Sınırlı klasik müziği dinlerken, onlar elektronik ritmlere danslıyor.","[""biz"", ""onlar""]","[""1"", ""1""]","[""biz"", ""onlar""]","[""1"", ""1""]","[""-"", ""-""]","[""0"", ""0""]","[""biz"", ""onlar""]","[""1"", ""1""]","[""biz"", ""onlar""]","[""1"", ""1""]","[""-"", ""onlar""]","[""0"", ""1""]"
82,"She keeps secrets easily, while he shares news the moment he hears it.",Translator 2,"O sır saklamayı bilir, o ise duyduğu haberi anında yayar.","['she', 'he']","[1, 1]",5,"O kolayca sır saklarken, o da duyduğu anda haberleri paylaşır.","Sırları kolayca tutar, haberleri duyduğu anda paylaşır.","O kolayca sır saklar, o ise haberleri duyduğu anda paylaşır.","O kolayca sır tutar, o ise duyduğu an hemen haberleşir.","O kolayca sır saklar, oysa o haberleri duyunca hemen paylaşıyor.","[""o"", ""o""]","[""1"", ""1""]","[""o"", ""o""]","[""1"", ""1""]","[""-"", ""-""]","[""0"", ""0""]","[""o"", ""o""]","[""1"", ""1""]","[""o"", ""o""]","[""1"", ""1""]","[""o"", ""o""]","[""1"", ""1""]"
83,"She collects vintage stamps, though he has no interest in hobbies like that.",Translator 1,"O vintage pulları toplar, fakat onun hiç böyle hobileri yoktur.","['she', 'he']","[1, 0]",5,Eski pulları topluyor ama onun böyle hobilerle hiç ilgisi yok.,"Vintage çubukları topluyor, ancak böyle bir hobi ile ilgilenmiyor.","Eski pulları topluyor, ama onun bu tür hobilerle ilgisi yok.","O, eski siketi toplar, ancak o, böyle hobilerden hiç ilgi duymayan biridir.","O eski damga koleksiyonu topluyor, oysa o gibi hobilerde hiç ilgi göstermiyor.","[""o"", ""-""]","[""1"", ""0""]","[""-"", ""-""]","[""0"", ""0""]","[""-"", ""-""]","[""0"", ""0""]","[""-"", ""-""]","[""0"", ""0""]","[""o"", ""o""]","[""1"", ""1""]","[""o"", ""-""]","[""1"", ""0""]"
84,They hike every weekend; however we stay home to read books instead.,Translator 1,"Onlar her haftasonu yürüyüşe giderler, ama biz onun yerine evde kalıp kitap okuruz.","['they', 'we']","[1, 1]",5,Her hafta sonu yürüyüşe çıkarlar; ama biz onun yerine evde kalıp kitap okuruz.,Onlar her hafta sonu çıkıyorlar; ama biz yerine kitap okumak için evde kalıyoruz.,Onlar her hafta sonu yürüyüşe çıkıyorlar; ancak biz bunun yerine evde kitap okumak için kalıyoruz.,Her hafta sonu yürüyüşe çıkıyorlar; ancak biz bunun yerine evde kitap okumayı tercih ediyoruz.,Her hafta dağları tırmanıyorlar; ancak biz evde kitap okumak yerine evde kalıyoruz.,"[""onlar"", ""biz""]","[""1"", ""1""]","[""-"", ""biz""]","[""0"", ""1""]","[""onlar"", ""biz""]","[""1"", ""1""]","[""onlar"", ""biz""]","[""1"", ""1""]","[""-"", ""biz""]","[""0"", ""1""]","[""-"", ""biz""]","[""0"", ""1""]"
85,"He paints landscapes beautifully, yet she specializes in abstract designs.",Translator 1,"O çok güzel manzara resimleri çizer, o ise soyut tasarımlarda uzmandır.","['he', 'she']","[1, 1]",5,Manzaraları çok güzel boyuyor ama kadın soyut tasarımlar konusunda uzman.,"Manzaraları güzel bir şekilde boyamaktadır, ancak abstrak tasarımlar konusunda uzmanlaşmıştır.","O güzel manzara resimleri yaparken, o soyut tasarımlarda uzmanlaşmıştır.","O, manzaraları harika bir şekilde resimler, ancak o soyut tasarımlarda uzmanlaşmıştır.","Manzaraları güzel olarak boyuyor, ancak o soyut tasarımlarda uzmanlaşmıştır.","[""o"", ""o""]","[""1"", ""1""]","[""-"", ""kadın""]","[""0"", ""1""]","[""-"", ""-""]","[""0"", ""0""]","[""o"", ""o""]","[""1"", ""1""]","[""o"", ""o""]","[""1"", ""1""]","[""-"", ""o""]","[""0"", ""1""]"
86,"I bake fresh bread daily, while you buy it from the store every time.",Translator 1,"Ben her gün taze ekmek pişiriyorum, sen gidip fırından alıyorsun.","['i', 'you']","[1, 1]",5,"Ben her gün taze ekmek pişiriyorum, sense her seferinde mağazadan alıyorsun.","Her gün taze ekmek pişiriyorum, her seferinde mağazadan satın alıyorsunuz.",Ben her gün taze ekmek pişirirken sen her zaman mağazadan alıyorsun.,"Ben her gün taze ekmek yapıyorum, siz ise her seferinde mağazadan alıyorsunuz.","Gündelik olarak taze ekmek pişiririm, siz ise her seferinde marketten alıyorsunuz.","[""ben"", ""sen""]","[""1"", ""1""]","[""ben"", ""sen""]","[""1"", ""1""]","[""-"", ""-""]","[""0"", ""0""]","[""ben"", ""sen""]","[""1"", ""1""]","[""ben"", ""siz""]","[""1"", ""1""]","[""-"", ""siz""]","[""0"", ""1""]"
87,"We go to the cinema regularly, but they watch movies at home exclusively.",Translator 1,"Biz düzenli olarak sinemaya gideriz, ama onlar genelde evde film izler.","['we', 'they']","[1, 1]",5,Sinemaya düzenli olarak gideriz ama sadece evde film seyrederler.,"Biz düzenli olarak sinemaya gidiyoruz, ama onlar sadece evde film izliyorlar.","Biz sinemaya düzenli olarak gideriz, ama onlar evde film izlerler.","Düzenli olarak sinemaya gideriz, ancak onlar sadece evde film izlerler.","Sınema'ya düzenli olarak gidiyoruz, ama onlar evlerinde sadece filmler izliyor.","[""biz"", ""onlar""]","[""1"", ""1""]","[""-"", ""-""]","[""0"", ""0""]","[""biz"", ""onlar""]","[""1"", ""1""]","[""biz"", ""onlar""]","[""1"", ""1""]","[""-"", ""onlar""]","[""0"", ""1""]","[""-"", ""onlar""]","[""0"", ""1""]"
88,"You meditate before work, whereas I jump straight into tasks without pause.",Translator 1,"Sen işten önce meditasyon yapıyorsun, ben hiç ara vermeden direk işlere dalıyorum.","['you', 'i']","[1, 1]",5,"Sen işten önce meditasyon yapıyorsun, ben ise hiç duraklamadan görevlere atlıyorum.","Sen çalışmadan önce meditasyon yapıyorsun, ben ise durmadan görevlere doğru atlıyorum.","Sen işten önce derin düşünüyorsun, bense durmadan işe atlıyorum.","Ben işe başlamadan önce meditasyon yaparım, siz ise hiç durmadan doğrudan işe koyulursunuz.","Çalışmadan önce meditasyon yaparken, ben ise devamlı işlere atlıyorum.","[""sen"", ""ben""]","[""1"", ""1""]","[""sen"", ""ben""]","[""1"", ""1""]","[""sen"", ""ben""]","[""1"", ""1""]","[""sen"", ""ben""]","[""1"", ""1""]","[""siz"", ""ben""]","[""1"", ""1""]","[""-"", ""ben""]","[""0"", ""1""]"
89,They garden in the backyard; however we fill our space with patio furniture.,Translator 1,Onlar arka bahçeyle ilgileniyorlar; biz de verandamızı eşyalarla dolduruyoruz.,"['they', 'we']","[1, 1]",5,Bahçede bahçe yapıyorlar; ama biz kendi yerimizi bahçe mobilyalarıyla dolduruyoruz.,Arka bahçede bahçeler; ancak alanımızı patio mobilyaları ile dolduruyoruz.,Bahçeleri arka bahçede ama bizler mekanımızı bahçe mobilyalarıyla dolduruyoruz.,"Onlar bahçede bahçeliyor; ancak biz, verandada mobilyalarla yaşam alanımızı dolduruyoruz.",Bahçeyi arka bahçede yetiştiriyoruz; ancak biz teras mobilyalarıyla alanımızı dolduruyoruz.,"[""onlar"", ""biz""]","[""1"", ""1""]","[""-"", ""biz""]","[""0"", ""1""]","[""-"", ""-""]","[""0"", ""0""]","[""-"", ""bizler""]","[""0"", ""1""]","[""onlar"", ""biz""]","[""1"", ""1""]","[""-"", ""biz""]","[""0"", ""1""]"
90,"He journals every evening, yet she prefers to scroll through social media.",Translator 2,"O her akşam günlük yazar, o ise sosyal medyada gezinmeyi tercih eder.","['he', 'she']","[1, 1]",5,"Her akşam günlük tutuyor, ama kadın sosyal medyada kaymayı tercih ediyor.","Her akşam gazete yapıyor, ama sosyal medya üzerinden kaydırmayı tercih ediyor.","Her akşam günlük yazarken, o sosyal medyada gezinmeyi tercih ediyor.","Her, her akşamları günlüğünü tutar, ancak o sosyal medyada gezinmeyi tercih eder.","Her akşam günlüğünü tutar, ancak o sosyal medyada scroll etmekten hoşlanıyor.","[""o"", ""o""]","[""1"", ""1""]","[""-"", ""kadın""]","[""0"", ""1""]","[""-"", ""-""]","[""0"", ""0""]","[""-"", ""o""]","[""0"", ""1""]","[""her"", ""o""]","[""1"", ""1""]","[""-"", ""o""]","[""0"", ""1""]"
91,"I cycle to the office, while you drive there every day without fail.",Translator 2,"Ben işe bisikletle giderim, sen ise her gün arabayla.","['i', 'you']","[1, 1]",5,"Ben ofise gidiyorum, sense her gün oraya gidiyorsun.","Ben ofise bisiklet yapıyorum, her gün başarısız olmadan oraya gidiyorsun.",Ben ofise bisikletle giderken sen her gün oraya arabayla gidiyorsun.,"Ben ofise bisikletle gidiyorum, siz ise her gün aynı şekilde araba ile gidiyorsunuz.","Ofiste işe giderken bisikletle gidiyorum, siz ise her gün başarısız olmayarak orada araçla gidiyorsunuz.","[""ben"", ""sen""]","[""1"", ""1""]","[""ben"", ""sen""]","[""1"", ""1""]","[""ben"", ""-""]","[""1"", ""0""]","[""ben"", ""sen""]","[""1"", ""1""]","[""ben"", ""siz""]","[""1"", ""1""]","[""-"", ""siz""]","[""0"", ""1""]"
92,"We host board game nights, but they organize dance parties instead.",Translator 2,"Biz masa oyunu geceleri düzenleriz, onlar ise dans partileri.","['we', 'they']","[1, 1]",5,Masa oyunu gecelerine ev sahipliği yapıyoruz ama onun yerine dans partileri düzenliyorlar.,"Biz tablo oyun geceleri ev sahipliği, ama onlar yerine dans partileri düzenler.","Biz masa oyunları geceleri sunuyoruz, ama onlar bunun yerine dans partileri düzenliyorlar.","Biz masa oyunları geceleri düzenliyoruz, ancak onlar dans partileri düzenliyor.",Bordu oyun geceleri düzenliyoruz ama onlar dans partileri düzenlerler.,"[""biz"", ""onlar""]","[""1"", ""1""]","[""-"", ""-""]","[""0"", ""0""]","[""biz"", ""onlar""]","[""1"", ""1""]","[""biz"", ""onlar""]","[""1"", ""1""]","[""biz"", ""onlar""]","[""1"", ""1""]","[""-"", ""onlar""]","[""0"", ""1""]"
93,"She studies history books, though he focuses on science magazines only.",Translator 2,"O tarih kitapları okur, o ise sadece bilim dergilerine odaklanır.","['she', 'he']","[1, 1]",5,Tarih kitapları okuyor ama sadece bilim dergilerine odaklanıyor.,"Tarih kitaplarını inceliyor, ancak sadece bilim dergilerine odaklanıyor.","O tarih kitaplarını okur, o ise sadece bilim dergilerine odaklanır.","O, tarih kitapları okurken, o ise sadece bilim dergilerine odaklanıyor.","Tarih kitaplarını okuyor, oysa o sadece bilim dergilerini odaklıyor.","[""o"", ""o""]","[""1"", ""1""]","[""-"", ""-""]","[""0"", ""0""]","[""-"", ""-""]","[""0"", ""0""]","[""o"", ""o""]","[""1"", ""1""]","[""o"", ""o""]","[""1"", ""1""]","[""-"", ""o""]","[""0"", ""1""]"
94,They swim laps at dawn; however we lounge by the pool later in the day.,Translator 2,"Onlar şafak saatinde kulvarda yüzer, biz ise günün ilerleyen saatlerinde havuz kenarında dinleniriz.","['they', 'we']","[1, 1]",4,Onlar şafakta yüzerler; ama biz günün ilerleyen saatlerinde havuzun yanında dinleniriz.,"Gün geçtikçe havuzda yıkanıyorlar, gün geçtikçe havuzda yıkanıyoruz.",Şafakta yüzüyorlar; ancak biz günün ilerleyen saatlerinde havuzun yanında dinleniyoruz.,Sabah erken yüzerler; ancak günün geri kalanında havuz başında dinleniriz.,Geceyarısı yüzerler; Ancak biz gündüzün ilerisinde havuzun yanında dinleniyoruz.,"[""onlar"", ""biz""]","[""1"", ""1""]","[""onlar"", ""biz""]","[""1"", ""1""]","[""-"", ""-""]","[""0"", ""0""]","[""-"", ""biz""]","[""0"", ""1""]","[""-"", ""-""]","[""0"", ""0""]","[""-"", ""biz""]","[""0"", ""1""]"
95,"He composes music on weekends, but she listens to podcasts nonstop.",Translator 2,"O hafta sonları müzik besteler, o ise durmaksızın podcast dinler.","['he', 'she']","[1, 1]",5,Adam hafta sonları müzik besteliyor ama kadın sürekli podcast dinliyor.,Haftasonu müziği yapıyor ama sürekli podcast'lere kaydediyor.,"O hafta sonları müzik besteler, ama o durmadan podcast dinliyor.","O, hafta sonları müzik besteler, ancak o sürekli olarak podcast dinler.","Hafta sonlarında müzikler hazırlar, ama o podcastlere kesintisiz dinliyor.","[""o"", ""o""]","[""1"", ""1""]","[""adam"", ""kadın""]","[""1"", ""1""]","[""-"", ""-""]","[""0"", ""0""]","[""o"", ""o""]","[""1"", ""1""]","[""o"", ""o""]","[""1"", ""1""]","[""-"", ""o""]","[""0"", ""1""]"
96,"I weave baskets from reeds, while you purchase them from markets.",Translator 1,"Ben kamışlardan sepet örüyorum, sen dükkandan alıyorsun.","['i', 'you']","[1, 1]",5,"Ben sazlıklardan sepet örerken, sen çarşılardan alıyorsun.","Satın alırken çorapları yıkıyorum, pazarlardan satın alıyorsun.","Ben kamıştan sepet örüyorum, sizse pazarlardan alıyorsunuz.","Ben otlardan sepetler dokuyorum, sen ise bunları pazardan alıyorsun.","Kumruları kuyulardan dokurum, siz de marketlerden alıyorsunuz.","[""ben"", ""sen""]","[""1"", ""1""]","[""ben"", ""sen""]","[""1"", ""1""]","[""-"", ""-""]","[""0"", ""0""]","[""ben"", ""siz""]","[""1"", ""1""]","[""ben"", ""sen""]","[""1"", ""1""]","[""-"", ""siz""]","[""0"", ""1""]"
97,"We stargaze on clear nights, but they sleep early regardless of the sky.",Translator 1,"Biz berrak gecelerde gökyüzündeki yıldızlara bakıp dalıyoruz, onlar erkenden uyuyorlar.","['we', 'they']","[1, 1]",5,Açık gecelerde gaz yaparız ama gökyüzü ne olursa olsun erken uyurlar.,Açık gecelerde yıldızlıyız ama gökyüzüne bakılmaksızın erken uyuyorlar.,"Biz açık gecelerde yıldızlara bakıyoruz, ama onlar gökyüzü ne olursa olsun erken uyuyorlar.","Berrak gecelerde yıldızları izliyoruz, ancak gökyüzü ne olursa olsun erken uyuyorlar.","Beyaz gecelerde gökyüzüne bakarız, ancak onlar hava durumuna bakmaksızın erken uyur.","[""biz"", ""onlar""]","[""1"", ""1""]","[""-"", ""-""]","[""0"", ""0""]","[""-"", ""-""]","[""0"", ""0""]","[""biz"", ""onlar""]","[""1"", ""1""]","[""-"", ""-""]","[""0"", ""0""]","[""-"", ""onlar""]","[""0"", ""1""]"
98,They forage for wild berries; however we always shop at supermarkets.,Translator 2,"Onlar yabani orman meyveleri toplar, biz ise her zaman süpermarketten alışveriş yaparız.","['they', 'we']","[1, 1]",5,Yabani böğürtlenleri ararlar; ama biz her zaman süpermarketlerden alışveriş yaparız.,Onlar vahşi tahıllar için pişiriyorlar; ancak her zaman süpermarketlerde alışveriş yapıyoruz.,Onlar vahşi meyveler için yiyecek ararlar; ancak biz her zaman süpermarketlerde alışveriş yaparız.,Onlar ormanlarda yabani meyveler toplar; ancak biz her zaman süpermarketlerden alışveriş yaparız.,Beyaz asma ve yabani meyveler için toplayıp topluyorlar; ancak biz her zaman marketten alışveriş yapıyoruz.,"[""onlar"", ""biz""]","[""1"", ""1""]","[""-"", ""biz""]","[""0"", ""1""]","[""onlar"", ""-""]","[""1"", ""0""]","[""onlar"", ""biz""]","[""1"", ""1""]","[""onlar"", ""biz""]","[""1"", ""1""]","[""-"", ""biz""]","[""0"", ""1""]"
99,"He recites poetry aloud, yet she whispers it to herself quietly.",Translator 1,"O şiirlerini yüksek sesle okur, o ise kendi kendine fısıldayarak.","['he', 'she']","[1, 1]",5,Adam yüksek sesle şiir okuyor ama kadın sessizce kendi kendine fısıldıyor.,"O şiirleri yüksek sesle söylüyor, ama o sessizce kendine söylüyor.","Adam şiirleri yüksek sesle okuyor, ama kadın sessizce kendi kendine fısıldıyor.","O yüksek sesle şiir okurken, o ise sessizce kendi kendine fısıldar.","Şiirleri yüksek sesle okur, fakat o sessizce kendi kendine fısıldar.","[""o"", ""o""]","[""1"", ""1""]","[""adam"", ""kadın""]","[""1"", ""1""]","[""o"", ""o""]","[""1"", ""1""]","[""adam"", ""kadın""]","[""1"", ""1""]","[""o"", ""o""]","[""1"", ""1""]","[""-"", ""o""]","[""0"", ""1""]"
100,"I tend to bonsai trees, while you grow tall sunflowers in rows.",Translator 2,"Ben bonsai ağaçlarıyla ilgilenirim, sen ise sıralar halinde uzun ayçiçekleri yetiştirirsin.","['i', 'you']","[1, 1]",5,"Ben bonsai ağaçlarıyla ilgileniyorum, sense sıra sıra uzun ayçiçeği yetiştiriyorsun.","Ben bonsai ağaçları eğilimindim, yüksek güneş çiçekleri sıralarda yetiştirirken.","Ben bonsai ağaçlarına bakıyorum, sen ise uzun güneşçiçekler yetiştiriyorsun.","Ben genellikle bonsai ağaçlarını yetiştiririm, siz ise sıralı olarak büyük zambakları yetiştiriyorsunuz.","Ben bonsai ağaçlarına bakarken, siz sıra sıra yüksek güller yetiştüyorsunuz.","[""ben"", ""sen""]","[""1"", ""1""]","[""ben"", ""sen""]","[""1"", ""1""]","[""ben"", ""-""]","[""1"", ""0""]","[""ben"", ""sen""]","[""1"", ""1""]","[""ben"", ""siz""]","[""1"", ""1""]","[""ben"", ""siz""]","[""1"", ""1""]"
101,They sail small boats on lakes; however we paddle kayaks down rivers.,Translator 2,"Onlar göllerde küçük teknelerle yelken açar, biz ise nehirlerde kano çekeriz.","['they', 'we']","[1, 1]",5,"Göllerde küçük tekneler kullanıyorlar, ama biz kanoları nehirden aşağı doğru sürüyoruz.",Küçük tekneleri göllerde geziyorlar; yine de kayakları nehirlere düşürüyoruz.,Onlar küçük teknelerle göllerde yolculuk ederler; bizse kayıklarla nehirlerde yürürüz.,Küçük tekneleri göllerde geziyorlar; ancak biz nehirlerde kano kullanıyoruz.,Gölde küçük teknelere yelken açarlar; ancak biz nehirler aşağı kayıklıyoruz.,"[""onlar"", ""biz""]","[""1"", ""1""]","[""-"", ""biz""]","[""0"", ""1""]","[""-"", ""-""]","[""0"", ""0""]","[""onlar"", ""biz""]","[""1"", ""1""]","[""-"", ""biz""]","[""0"", ""1""]","[""-"", ""biz""]","[""0"", ""1""]"
102,"You grab coffee to go, but I sit down for a full cup.",Translator 1,Sen bir kahve alıp gidiyorsun ama ben bir fincan kahve için oturuyorum.,"['you', 'i']","[1, 1]",5,"Sen kahve al, ben de dolu bir fincana oturayım.",Sen gitmek için kahve alıyorsun ama ben tam bir bardak için oturuyorum.,"Sen kahveyi götürürsün, ama ben dolu bir fincan için otururum.","Siz dışarıya götürmek için kahve alıyorsunuz, ama ben tam bir fincan kahve için oturuyorum.",Giderek kahve alıyorsun ama ben tam bir fincan için oturuyorum.,"[""sen"", ""ben""]","[""1"", ""1""]","[""sen"", ""ben""]","[""1"", ""1""]","[""sen"", ""ben""]","[""1"", ""1""]","[""sen"", ""ben""]","[""1"", ""1""]","[""siz"", ""ben""]","[""1"", ""1""]","[""-"", ""ben""]","[""0"", ""1""]"
103,"He folds laundry right away, but she leaves it in the basket.",Translator 2,"O çamaşırları hemen katlar, o ise sepette bırakır.","['he', 'she']","[1, 1]",5,Adam hemen çamaşır katlıyor ama kadın onu sepete bırakıyor.,"Çamaşır yıkamayı hemen yapıştırır, ama onu çantada bırakır.","Adam çamaşırları hemen katlar, ama kadın onları sepette bırakır.","O hemen çamaşırları katlayıp, ancak o onları sepede bırakır.","O çamaşırını hemen katlar, ama o sepette bırakır.","[""o"", ""o""]","[""1"", ""1""]","[""adam"", ""kadın""]","[""1"", ""1""]","[""-"", ""-""]","[""0"", ""0""]","[""adam"", ""kadın""]","[""1"", ""1""]","[""o"", ""o""]","[""1"", ""1""]","[""o"", ""o""]","[""1"", ""1""]"
104,"I check the weather first, while you head out regardless.",Translator 1,"Ben dışarı çıkmadan önce havayı kontrol ederim, ama sen bunu yapmadan öylece çıkarsın.","['i', 'you']","[1, 1]",5,"Sen ne olursa olsun, önce hava durumunu kontrol edeceğim.","Önce hava koşullarını kontrol ediyorum, ne olursa olsun dışarı çıkıyorsunuz.","Önce hava durumunu kontrol edeceğim, sen de git.","Öncelikle hava durumunu kontrol ediyorum, sen ise herhangi bir şeye bakmadan dışarı çıkıyorsun.","İlk olarak hava durumu kontrol ediyorum, siz çıkarken buna bakmıyorsunuz.","[""ben"", ""sen""]","[""1"", ""1""]","[""-"", ""sen""]","[""0"", ""1""]","[""-"", ""-""]","[""0"", ""0""]","[""-"", ""sen""]","[""0"", ""1""]","[""-"", ""sen""]","[""0"", ""1""]","[""-"", ""siz""]","[""0"", ""1""]"
105,"We pay bills online, but they mail checks every month.",Translator 1,Faturaları online ödüyoruz ama her ay postayla kontrol ediyorlar.,"['we', 'they']","[0, 0]",5,Faturaları internetten ödüyoruz ama her ay postalıyorlar.,Online faturaları ödeyeceğiz ama her ay mail kontrolü yapıyorlar.,Hesapları internetten ödüyoruz ama her ay çek gönderiyorlar.,"Faturaları çevrimiçi öderiz, ancak her ay çek gönderirler.","Fatura ödemelerini online yapıyoruz, ancak her ay çekleri posta yoluyla gönderiyorlar.","[""-"", ""-""]","[""0"", ""0""]","[""-"", ""-""]","[""0"", ""0""]","[""-"", ""-""]","[""0"", ""0""]","[""-"", ""-""]","[""0"", ""0""]","[""-"", ""-""]","[""0"", ""0""]","[""-"", ""-""]","[""0"", ""0""]"
106,"You add sugar to everything, although I skip it completely.",Translator 2,"Sen her şeye şeker eklersin, ben ise tamamen kaçınırım","['you', 'i']","[1, 1]",5,Her şeye şeker katıyorsun ama ben tamamen atlıyorum.,Her şeye şeker ekliyorsun ama ben onu tamamen kaybederim.,"Her şeye şeker ekliyorsun, ben de tamamen atlıyorum.","Her şeye şeker ekliyorsun, ben ise tamamen şeker kullanmıyorum.","Her şeye şeker ekliyorsun, ben ise tamamen atlıyorum.","[""sen"", ""ben""]","[""1"", ""1""]","[""-"", ""ben""]","[""0"", ""1""]","[""-"", ""ben""]","[""0"", ""1""]","[""-"", ""ben""]","[""0"", ""1""]","[""-"", ""ben""]","[""0"", ""1""]","[""-"", ""ben""]","[""0"", ""1""]"
107,"She reads news apps, though he gets the paper delivered.",Translator 1,"O haberleri uygulama üzerinden okur, o ise gazeteden.","['she', 'he']","[1, 1]",5,Gazeteyi getirtmesine rağmen haber uygulamalarını okuyor.,"Haber uygulamalarını okuyor, ancak kağıdı teslim ediyor.","O haber uygulamalarını okuyor, ama o gazeteyi teslim ediyor.","O, haber uygulamalarını okurken, o ise gazeteyi getiren servisten faydalanıyor.","O haber uygulamalarını okur, oysa o gazeteyi teslim ettirmektedir.","[""o"", ""o""]","[""1"", ""1""]","[""-"", ""-""]","[""0"", ""0""]","[""-"", ""-""]","[""0"", ""0""]","[""o"", ""o""]","[""1"", ""1""]","[""o"", ""o""]","[""1"", ""1""]","[""o"", ""o""]","[""1"", ""1""]"
108,"He waters plants daily, yet she forgets until they're drooping.",Translator 1,"O her gün bitkileri sular, o ise bitkiler solmadan sulamayı hatırlamaz.","['he', 'she']","[1, 1]",4,"Adam her gün bitkileri suluyor, ama kadın onlar kuruyana kadar unutuyor.","Her gün bitkileri suya sürüyor, ama onlar boğulana kadar unutuyor.","O her gün bitkileri sular, ama o bitkiler düşene kadar unutur.","O her gün bitkilere sulama yapar, ancak o, onlar eğildiğinde bile unutur.","Günlük olarak bitkileri sulayarak, ama onlara sancı verinceye kadar unutur.","[""o"", ""o""]","[""1"", ""1""]","[""adam"", ""kadın""]","[""1"", ""1""]","[""-"", ""-""]","[""0"", ""0""]","[""o"", ""o""]","[""1"", ""1""]","[""o"", ""o""]","[""1"", ""1""]","[""-"", ""-""]","[""0"", ""0""]"
109,"We turn off lights leaving rooms, but they leave them blazing.",Translator 2,"Biz odadan çıkarken ışıkları kapatırız, onlar ise açık bırakır.","['we', 'they']","[1, 1]",5,"Odaları terk eden ışıkları kapatıyoruz, ama onlar alev alev bırakıyorlar.","Odadan çıkan ışıkları kapatıyoruz, ama onları yumuşatıyorlar.",Odalardan çıkarken ışıkları kapatırız ama onlar onları yanarak bırakırlar.,"Odayı terk ettiğimizde ışıkları kapatıyoruz, ancak onlar onları açık bırakıyorlar.","Odaları terk ederken ışıkları kapanırız, ama onlar onları alevler içinde bırakıyorlar.","[""biz"", ""onlar""]","[""1"", ""1""]","[""-"", ""onlar""]","[""0"", ""1""]","[""-"", ""-""]","[""0"", ""0""]","[""-"", ""onlar""]","[""0"", ""1""]","[""-"", ""onlar""]","[""0"", ""1""]","[""-"", ""onlar""]","[""0"", ""1""]"