model,sentence_id,pronoun,subject_type
human_translations,1,sen,overt
human_translations,1,ben,overt
human_translations,2,sen,overt
human_translations,2,ben,overt
human_translations,3,sen,overt
human_translations,4,o,overt
human_translations,4,o,overt
human_translations,5,sen,overt
human_translations,5,ben,overt
human_translations,6,o,overt
human_translations,6,o,overt
human_translations,7,sen,overt
human_translations,7,ben,overt
human_translations,8,o,overt
human_translations,8,o,overt
human_translations,9,sen,overt
human_translations,9,ben,overt
human_translations,10,o,overt
human_translations,11,sen,overt
human_translations,11,ben,overt
human_translations,12,o,overt
human_translations,12,o,overt
human_translations,13,sen,overt
human_translations,13,ben,overt
human_translations,14,o,overt
human_translations,14,o,overt
human_translations,15,sen,overt
human_translations,15,ben,overt
human_translations,16,o,overt
human_translations,16,o,overt
human_translations,17,sen,overt
human_translations,17,ben,overt
human_translations,18,o,overt
human_translations,18,o,overt
human_translations,19,sen,overt
human_translations,19,ben,overt
human_translations,20,sen,overt
human_translations,21,sen,overt
human_translations,21,ben,overt
human_translations,22,o,overt
human_translations,22,o,overt
human_translations,23,sen,overt
human_translations,23,ben,overt
human_translations,24,o,overt
human_translations,24,o,overt
human_translations,25,sen,overt
human_translations,25,ben,overt
human_translations,26,o,overt
human_translations,26,o,overt
human_translations,27,,dropped
human_translations,27,,dropped
human_translations,28,sen,overt
human_translations,29,sen,overt
human_translations,29,ben,overt
human_translations,30,o,overt
human_translations,30,o,overt
human_translations,31,ben,overt
human_translations,31,sen,overt
human_translations,32,o,overt
human_translations,32,o,overt
human_translations,33,sen,overt
human_translations,33,ben,overt
human_translations,34,o,overt
human_translations,34,ben,overt
human_translations,35,o,overt
human_translations,35,o,overt
human_translations,36,sen,overt
human_translations,36,ben,overt
human_translations,37,o,overt
human_translations,37,o,overt
human_translations,38,ben,overt
human_translations,38,sen,overt
human_translations,39,sen,overt
human_translations,39,ben,overt
human_translations,40,o,overt
human_translations,40,o,overt
human_translations,41,ben,overt
human_translations,41,sen,overt
human_translations,42,o,overt
human_translations,42,o,overt
human_translations,43,sen,overt
human_translations,43,ben,overt
human_translations,44,o,overt
human_translations,44,o,overt
human_translations,45,ben,overt
human_translations,45,sen,overt
human_translations,46,o,overt
human_translations,46,ben,overt
human_translations,47,sen,overt
human_translations,47,ben,overt
human_translations,48,sen,overt
human_translations,48,ben,overt
human_translations,49,o,overt
human_translations,49,o,overt
human_translations,50,onlar,overt
human_translations,50,biz,overt
human_translations,51,o,overt
human_translations,51,o,overt
human_translations,52,ben,overt
human_translations,52,sen,overt
human_translations,53,biz,overt
human_translations,53,onlar,overt
human_translations,54,sen,overt
human_translations,54,ben,overt
human_translations,55,o,overt
human_translations,55,o,overt
human_translations,56,ben,overt
human_translations,56,sen,overt
human_translations,57,o,overt
human_translations,57,o,overt
human_translations,58,sen,overt
human_translations,58,ben,overt
human_translations,59,o,overt
human_translations,59,o,overt
human_translations,60,onlar,overt
human_translations,60,biz,overt
human_translations,61,o,overt
human_translations,61,o,overt
human_translations,62,biz,overt
human_translations,62,onlar,overt
human_translations,63,sen,overt
human_translations,63,ben,overt
human_translations,64,o,overt
human_translations,64,o,overt
human_translations,65,onlar,overt
human_translations,65,biz,overt
human_translations,66,sen,overt
human_translations,66,ben,overt
human_translations,67,o,overt
human_translations,67,o,overt
human_translations,68,onlar,overt
human_translations,68,biz,overt
human_translations,69,o,overt
human_translations,69,o,overt
human_translations,70,sen,overt
human_translations,70,ben,overt
human_translations,71,biz,overt
human_translations,71,onlar,overt
human_translations,72,o,overt
human_translations,72,o,overt
human_translations,73,ben,overt
human_translations,73,sen,overt
human_translations,74,onlar,overt
human_translations,74,biz,overt
human_translations,75,o,overt
human_translations,75,o,overt
human_translations,76,sen,overt
human_translations,76,ben,overt
human_translations,77,biz,overt
human_translations,77,onlar,overt
human_translations,78,o,overt
human_translations,78,o,overt
human_translations,79,o,overt
human_translations,80,sen,overt
human_translations,80,ben,overt
human_translations,81,biz,overt
human_translations,81,onlar,overt
human_translations,82,o,overt
human_translations,82,o,overt
human_translations,83,o,overt
human_translations,83,,dropped
human_translations,84,onlar,overt
human_translations,84,biz,overt
human_translations,85,o,overt
human_translations,85,o,overt
human_translations,86,ben,overt
human_translations,86,sen,overt
human_translations,87,biz,overt
human_translations,87,onlar,overt
human_translations,88,sen,overt
human_translations,88,ben,overt
human_translations,89,onlar,overt
human_translations,89,biz,overt
human_translations,90,o,overt
human_translations,90,o,overt
human_translations,91,ben,overt
human_translations,91,sen,overt
human_translations,92,biz,overt
human_translations,92,onlar,overt
human_translations,93,o,overt
human_translations,93,o,overt
human_translations,94,onlar,overt
human_translations,94,biz,overt
human_translations,95,o,overt
human_translations,95,o,overt
human_translations,96,ben,overt
human_translations,96,sen,overt
human_translations,97,biz,overt
human_translations,97,onlar,overt
human_translations,98,onlar,overt
human_translations,98,biz,overt
human_translations,99,o,overt
human_translations,99,o,overt
human_translations,100,ben,overt
human_translations,100,sen,overt
human_translations,101,onlar,overt
human_translations,101,biz,overt
human_translations,102,sen,overt
human_translations,102,ben,overt
human_translations,103,o,overt
human_translations,103,o,overt
human_translations,104,ben,overt
human_translations,104,sen,overt
human_translations,105,,dropped
human_translations,105,,dropped
human_translations,106,sen,overt
human_translations,106,ben,overt
human_translations,107,o,overt
human_translations,107,o,overt
human_translations,108,o,overt
human_translations,108,o,overt
human_translations,109,biz,overt
human_translations,109,onlar,overt
opus-tatoeba-en-tr,1,sen,overt
opus-tatoeba-en-tr,1,ben,overt
opus-tatoeba-en-tr,2,sen,overt
opus-tatoeba-en-tr,2,ben,overt
opus-tatoeba-en-tr,3,,dropped
opus-tatoeba-en-tr,4,o,overt
opus-tatoeba-en-tr,4,o,overt
opus-tatoeba-en-tr,5,sen,overt
opus-tatoeba-en-tr,5,ben,overt
opus-tatoeba-en-tr,6,o,overt
opus-tatoeba-en-tr,6,o,overt
opus-tatoeba-en-tr,7,,dropped
opus-tatoeba-en-tr,7,ben,overt
opus-tatoeba-en-tr,8,,dropped
opus-tatoeba-en-tr,8,o,overt
opus-tatoeba-en-tr,9,sen,overt
opus-tatoeba-en-tr,9,ben,overt
opus-tatoeba-en-tr,10,o,overt
opus-tatoeba-en-tr,11,,dropped
opus-tatoeba-en-tr,11,ben,overt
opus-tatoeba-en-tr,12,,dropped
opus-tatoeba-en-tr,12,,dropped
opus-tatoeba-en-tr,13,,dropped
opus-tatoeba-en-tr,13,ben,overt
opus-tatoeba-en-tr,14,o,overt
opus-tatoeba-en-tr,14,o,overt
opus-tatoeba-en-tr,15,sen,overt
opus-tatoeba-en-tr,15,ben,overt
opus-tatoeba-en-tr,16,o,overt
opus-tatoeba-en-tr,16,o,overt
opus-tatoeba-en-tr,17,sen,overt
opus-tatoeba-en-tr,17,ben,overt
opus-tatoeba-en-tr,18,kadın,overt
opus-tatoeba-en-tr,18,o,overt
opus-tatoeba-en-tr,19,sen,overt
opus-tatoeba-en-tr,19,ben,overt
opus-tatoeba-en-tr,20,sen,overt
opus-tatoeba-en-tr,21,sen,overt
opus-tatoeba-en-tr,21,ben,overt
opus-tatoeba-en-tr,22,,dropped
opus-tatoeba-en-tr,22,adam,overt
opus-tatoeba-en-tr,23,sen,overt
opus-tatoeba-en-tr,23,ben,overt
opus-tatoeba-en-tr,24,adam,overt
opus-tatoeba-en-tr,24,o,overt
opus-tatoeba-en-tr,25,,dropped
opus-tatoeba-en-tr,25,ben,overt
opus-tatoeba-en-tr,26,kadın,overt
opus-tatoeba-en-tr,26,adam,overt
opus-tatoeba-en-tr,27,,dropped
opus-tatoeba-en-tr,27,,dropped
opus-tatoeba-en-tr,28,sen,overt
opus-tatoeba-en-tr,29,sen,overt
opus-tatoeba-en-tr,29,ben,overt
opus-tatoeba-en-tr,30,adam,overt
opus-tatoeba-en-tr,30,kadın,overt
opus-tatoeba-en-tr,31,,dropped
opus-tatoeba-en-tr,31,sen,overt
opus-tatoeba-en-tr,32,,dropped
opus-tatoeba-en-tr,32,adam,overt
opus-tatoeba-en-tr,33,sen,overt
opus-tatoeba-en-tr,33,ben,overt
opus-tatoeba-en-tr,34,,dropped
opus-tatoeba-en-tr,34,ben,overt
opus-tatoeba-en-tr,35,,dropped
opus-tatoeba-en-tr,35,,dropped
opus-tatoeba-en-tr,36,sen,overt
opus-tatoeba-en-tr,36,ben,overt
opus-tatoeba-en-tr,37,,dropped
opus-tatoeba-en-tr,37,o,overt
opus-tatoeba-en-tr,38,,dropped
opus-tatoeba-en-tr,38,sen,overt
opus-tatoeba-en-tr,39,sen,overt
opus-tatoeba-en-tr,39,ben,overt
opus-tatoeba-en-tr,40,,dropped
opus-tatoeba-en-tr,40,adam,overt
opus-tatoeba-en-tr,41,,dropped
opus-tatoeba-en-tr,41,sen,overt
opus-tatoeba-en-tr,42,o,overt
opus-tatoeba-en-tr,42,o,overt
opus-tatoeba-en-tr,43,sen,overt
opus-tatoeba-en-tr,43,ben,overt
opus-tatoeba-en-tr,44,o,overt
opus-tatoeba-en-tr,44,o,overt
opus-tatoeba-en-tr,45,,dropped
opus-tatoeba-en-tr,45,sen,overt
opus-tatoeba-en-tr,46,o,overt
opus-tatoeba-en-tr,46,ben,overt
opus-tatoeba-en-tr,47,,dropped
opus-tatoeba-en-tr,47,,dropped
opus-tatoeba-en-tr,48,sen,overt
opus-tatoeba-en-tr,48,ben,overt
opus-tatoeba-en-tr,49,o,overt
opus-tatoeba-en-tr,49,o,overt
opus-tatoeba-en-tr,50,,dropped
opus-tatoeba-en-tr,50,biz,overt
opus-tatoeba-en-tr,51,,dropped
opus-tatoeba-en-tr,51,o,overt
opus-tatoeba-en-tr,52,,dropped
opus-tatoeba-en-tr,52,sen,overt
opus-tatoeba-en-tr,53,biz,overt
opus-tatoeba-en-tr,53,onlar,overt
opus-tatoeba-en-tr,54,sen,overt
opus-tatoeba-en-tr,54,ben,overt
opus-tatoeba-en-tr,55,o,overt
opus-tatoeba-en-tr,55,o,overt
opus-tatoeba-en-tr,56,ben,overt
opus-tatoeba-en-tr,56,sen,overt
opus-tatoeba-en-tr,57,o,overt
opus-tatoeba-en-tr,57,,dropped
opus-tatoeba-en-tr,58,sen,overt
opus-tatoeba-en-tr,58,ben,overt
opus-tatoeba-en-tr,59,o,overt
opus-tatoeba-en-tr,59,o,overt
opus-tatoeba-en-tr,60,,dropped
opus-tatoeba-en-tr,60,biz,overt
opus-tatoeba-en-tr,61,o,overt
opus-tatoeba-en-tr,61,o,overt
opus-tatoeba-en-tr,62,biz,overt
opus-tatoeba-en-tr,62,onlar,overt
opus-tatoeba-en-tr,63,,dropped
opus-tatoeba-en-tr,63,ben,overt
opus-tatoeba-en-tr,64,kadın,overt
opus-tatoeba-en-tr,64,adam,overt
opus-tatoeba-en-tr,65,,dropped
opus-tatoeba-en-tr,65,biz,overt
opus-tatoeba-en-tr,66,sen,overt
opus-tatoeba-en-tr,66,ben,overt
opus-tatoeba-en-tr,67,kız,overt
opus-tatoeba-en-tr,67,o,overt
opus-tatoeba-en-tr,68,onlar,overt
opus-tatoeba-en-tr,68,biz,overt
opus-tatoeba-en-tr,69,adam,overt
opus-tatoeba-en-tr,69,kadın,overt
opus-tatoeba-en-tr,70,siz,overt
opus-tatoeba-en-tr,70,ben,overt
opus-tatoeba-en-tr,71,biz,overt
opus-tatoeba-en-tr,71,onlar,overt
opus-tatoeba-en-tr,72,o,overt
opus-tatoeba-en-tr,72,o,overt
opus-tatoeba-en-tr,73,ben,overt
opus-tatoeba-en-tr,73,sen,overt
opus-tatoeba-en-tr,74,,dropped
opus-tatoeba-en-tr,74,biz,overt
opus-tatoeba-en-tr,75,o,overt
opus-tatoeba-en-tr,75,o,overt
opus-tatoeba-en-tr,76,sen,overt
opus-tatoeba-en-tr,76,ben,overt
opus-tatoeba-en-tr,77,,dropped
opus-tatoeba-en-tr,77,,dropped
opus-tatoeba-en-tr,78,,dropped
opus-tatoeba-en-tr,78,adam,overt
opus-tatoeba-en-tr,79,,dropped
opus-tatoeba-en-tr,80,,dropped
opus-tatoeba-en-tr,80,ben,overt
opus-tatoeba-en-tr,81,biz,overt
opus-tatoeba-en-tr,81,onlar,overt
opus-tatoeba-en-tr,82,o,overt
opus-tatoeba-en-tr,82,o,overt
opus-tatoeba-en-tr,83,,dropped
opus-tatoeba-en-tr,83,,dropped
opus-tatoeba-en-tr,84,,dropped
opus-tatoeba-en-tr,84,biz,overt
opus-tatoeba-en-tr,85,,dropped
opus-tatoeba-en-tr,85,kadın,overt
opus-tatoeba-en-tr,86,ben,overt
opus-tatoeba-en-tr,86,sen,overt
opus-tatoeba-en-tr,87,,dropped
opus-tatoeba-en-tr,87,,dropped
opus-tatoeba-en-tr,88,sen,overt
opus-tatoeba-en-tr,88,ben,overt
opus-tatoeba-en-tr,89,,dropped
opus-tatoeba-en-tr,89,biz,overt
opus-tatoeba-en-tr,90,,dropped
opus-tatoeba-en-tr,90,kadın,overt
opus-tatoeba-en-tr,91,ben,overt
opus-tatoeba-en-tr,91,sen,overt
opus-tatoeba-en-tr,92,,dropped
opus-tatoeba-en-tr,92,,dropped
opus-tatoeba-en-tr,93,,dropped
opus-tatoeba-en-tr,93,,dropped
opus-tatoeba-en-tr,94,onlar,overt
opus-tatoeba-en-tr,94,biz,overt
opus-tatoeba-en-tr,95,adam,overt
opus-tatoeba-en-tr,95,kadın,overt
opus-tatoeba-en-tr,96,ben,overt
opus-tatoeba-en-tr,96,sen,overt
opus-tatoeba-en-tr,97,,dropped
opus-tatoeba-en-tr,97,,dropped
opus-tatoeba-en-tr,98,,dropped
opus-tatoeba-en-tr,98,biz,overt
opus-tatoeba-en-tr,99,adam,overt
opus-tatoeba-en-tr,99,kadın,overt
opus-tatoeba-en-tr,100,ben,overt
opus-tatoeba-en-tr,100,sen,overt
opus-tatoeba-en-tr,101,,dropped
opus-tatoeba-en-tr,101,biz,overt
opus-tatoeba-en-tr,102,sen,overt
opus-tatoeba-en-tr,102,ben,overt
opus-tatoeba-en-tr,103,adam,overt
opus-tatoeba-en-tr,103,kadın,overt
opus-tatoeba-en-tr,104,,dropped
opus-tatoeba-en-tr,104,sen,overt
opus-tatoeba-en-tr,105,,dropped
opus-tatoeba-en-tr,105,,dropped
opus-tatoeba-en-tr,106,,dropped
opus-tatoeba-en-tr,106,ben,overt
opus-tatoeba-en-tr,107,,dropped
opus-tatoeba-en-tr,107,,dropped
opus-tatoeba-en-tr,108,adam,overt
opus-tatoeba-en-tr,108,kadın,overt
opus-tatoeba-en-tr,109,,dropped
opus-tatoeba-en-tr,109,onlar,overt
m2m100-418M,1,,dropped
m2m100-418M,1,ben,overt
m2m100-418M,2,,dropped
m2m100-418M,2,,dropped
m2m100-418M,3,,dropped
m2m100-418M,4,,dropped
m2m100-418M,4,,dropped
m2m100-418M,5,,dropped
m2m100-418M,5,,dropped
m2m100-418M,6,,dropped
m2m100-418M,6,,dropped
m2m100-418M,7,,dropped
m2m100-418M,7,,dropped
m2m100-418M,8,,dropped
m2m100-418M,8,,dropped
m2m100-418M,9,,dropped
m2m100-418M,9,ben,overt
m2m100-418M,10,,dropped
m2m100-418M,11,,dropped
m2m100-418M,11,,dropped
m2m100-418M,12,,dropped
m2m100-418M,12,o,overt
m2m100-418M,13,sen,overt
m2m100-418M,13,,dropped
m2m100-418M,14,,dropped
m2m100-418M,14,,dropped
m2m100-418M,15,sen,overt
m2m100-418M,15,ben,overt
m2m100-418M,16,,dropped
m2m100-418M,16,,dropped
m2m100-418M,17,sen,overt
m2m100-418M,17,ben,overt
m2m100-418M,18,,dropped
m2m100-418M,18,,dropped
m2m100-418M,19,sen,overt
m2m100-418M,19,ben,overt
m2m100-418M,20,,dropped
m2m100-418M,21,,dropped
m2m100-418M,21,,dropped
m2m100-418M,22,,dropped
m2m100-418M,22,,dropped
m2m100-418M,23,,dropped
m2m100-418M,23,,dropped
m2m100-418M,24,,dropped
m2m100-418M,24,,dropped
m2m100-418M,25,,dropped
m2m100-418M,25,,dropped
m2m100-418M,26,,dropped
m2m100-418M,26,,dropped
m2m100-418M,27,,dropped
m2m100-418M,27,,dropped
m2m100-418M,28,,dropped
m2m100-418M,29,,dropped
m2m100-418M,29,,dropped
m2m100-418M,30,,dropped
m2m100-418M,30,o,overt
m2m100-418M,31,ben,overt
m2m100-418M,31,,dropped
m2m100-418M,32,,dropped
m2m100-418M,32,,dropped
m2m100-418M,33,,dropped
m2m100-418M,33,ben,overt
m2m100-418M,34,,dropped
m2m100-418M,34,,dropped
m2m100-418M,35,,dropped
m2m100-418M,35,,dropped
m2m100-418M,36,,dropped
m2m100-418M,36,ben,overt
m2m100-418M,37,o,overt
m2m100-418M,37,,dropped
m2m100-418M,38,,dropped
m2m100-418M,38,,dropped
m2m100-418M,39,,dropped
m2m100-418M,39,,dropped
m2m100-418M,40,,dropped
m2m100-418M,40,,dropped
m2m100-418M,41,ben,overt
m2m100-418M,41,,dropped
m2m100-418M,42,,dropped
m2m100-418M,42,,dropped
m2m100-418M,43,,dropped
m2m100-418M,43,,dropped
m2m100-418M,44,,dropped
m2m100-418M,44,,dropped
m2m100-418M,45,,dropped
m2m100-418M,45,siz,overt
m2m100-418M,46,,dropped
m2m100-418M,46,ben,overt
m2m100-418M,47,,dropped
m2m100-418M,47,,dropped
m2m100-418M,48,,dropped
m2m100-418M,48,ben,overt
m2m100-418M,49,,dropped
m2m100-418M,49,,dropped
m2m100-418M,50,,dropped
m2m100-418M,50,,dropped
m2m100-418M,51,,dropped
m2m100-418M,51,,dropped
m2m100-418M,52,,dropped
m2m100-418M,52,,dropped
m2m100-418M,53,,dropped
m2m100-418M,53,,dropped
m2m100-418M,54,,dropped
m2m100-418M,54,,dropped
m2m100-418M,55,,dropped
m2m100-418M,55,,dropped
m2m100-418M,56,ben,overt
m2m100-418M,56,,dropped
m2m100-418M,57,,dropped
m2m100-418M,57,,dropped
m2m100-418M,58,,dropped
m2m100-418M,58,ben,overt
m2m100-418M,59,,dropped
m2m100-418M,59,,dropped
m2m100-418M,60,onlar,overt
m2m100-418M,60,,dropped
m2m100-418M,61,,dropped
m2m100-418M,61,,dropped
m2m100-418M,62,,dropped
m2m100-418M,62,,dropped
m2m100-418M,63,,dropped
m2m100-418M,63,ben,overt
m2m100-418M,64,,dropped
m2m100-418M,64,,dropped
m2m100-418M,65,,dropped
m2m100-418M,65,,dropped
m2m100-418M,66,,dropped
m2m100-418M,66,,dropped
m2m100-418M,67,,dropped
m2m100-418M,67,,dropped
m2m100-418M,68,,dropped
m2m100-418M,68,,dropped
m2m100-418M,69,,dropped
m2m100-418M,69,,dropped
m2m100-418M,70,,dropped
m2m100-418M,70,,dropped
m2m100-418M,71,biz,overt
m2m100-418M,71,onlar,overt
m2m100-418M,72,,dropped
m2m100-418M,72,,dropped
m2m100-418M,73,,dropped
m2m100-418M,73,,dropped
m2m100-418M,74,onlar,overt
m2m100-418M,74,,dropped
m2m100-418M,75,,dropped
m2m100-418M,75,,dropped
m2m100-418M,76,,dropped
m2m100-418M,76,,dropped
m2m100-418M,77,,dropped
m2m100-418M,77,,dropped
m2m100-418M,78,,dropped
m2m100-418M,78,o,overt
m2m100-418M,79,o,overt
m2m100-418M,80,,dropped
m2m100-418M,80,,dropped
m2m100-418M,81,,dropped
m2m100-418M,81,,dropped
m2m100-418M,82,,dropped
m2m100-418M,82,,dropped
m2m100-418M,83,,dropped
m2m100-418M,83,,dropped
m2m100-418M,84,onlar,overt
m2m100-418M,84,biz,overt
m2m100-418M,85,,dropped
m2m100-418M,85,,dropped
m2m100-418M,86,,dropped
m2m100-418M,86,,dropped
m2m100-418M,87,biz,overt
m2m100-418M,87,onlar,overt
m2m100-418M,88,sen,overt
m2m100-418M,88,ben,overt
m2m100-418M,89,,dropped
m2m100-418M,89,,dropped
m2m100-418M,90,,dropped
m2m100-418M,90,,dropped
m2m100-418M,91,ben,overt
m2m100-418M,91,,dropped
m2m100-418M,92,biz,overt
m2m100-418M,92,onlar,overt
m2m100-418M,93,,dropped
m2m100-418M,93,,dropped
m2m100-418M,94,,dropped
m2m100-418M,94,,dropped
m2m100-418M,95,,dropped
m2m100-418M,95,,dropped
m2m100-418M,96,,dropped
m2m100-418M,96,,dropped
m2m100-418M,97,,dropped
m2m100-418M,97,,dropped
m2m100-418M,98,onlar,overt
m2m100-418M,98,,dropped
m2m100-418M,99,o,overt
m2m100-418M,99,o,overt
m2m100-418M,100,ben,overt
m2m100-418M,100,,dropped
m2m100-418M,101,,dropped
m2m100-418M,101,,dropped
m2m100-418M,102,sen,overt
m2m100-418M,102,ben,overt
m2m100-418M,103,,dropped
m2m100-418M,103,,dropped
m2m100-418M,104,,dropped
m2m100-418M,104,,dropped
m2m100-418M,105,,dropped
m2m100-418M,105,,dropped
m2m100-418M,106,,dropped
m2m100-418M,106,ben,overt
m2m100-418M,107,,dropped
m2m100-418M,107,,dropped
m2m100-418M,108,,dropped
m2m100-418M,108,,dropped
m2m100-418M,109,,dropped
m2m100-418M,109,,dropped
NLLB200-3.3B,1,,dropped
NLLB200-3.3B,1,ben,overt
NLLB200-3.3B,2,,dropped
NLLB200-3.3B,2,ben,overt
NLLB200-3.3B,3,,dropped
NLLB200-3.3B,4,o,overt
NLLB200-3.3B,4,o,overt
NLLB200-3.3B,5,sen,overt
NLLB200-3.3B,5,ben,overt
NLLB200-3.3B,6,o,overt
NLLB200-3.3B,6,o,overt
NLLB200-3.3B,7,sen,overt
NLLB200-3.3B,7,ben,overt
NLLB200-3.3B,8,o,overt
NLLB200-3.3B,8,o,overt
NLLB200-3.3B,9,sen,overt
NLLB200-3.3B,9,ben,overt
NLLB200-3.3B,10,,dropped
NLLB200-3.3B,11,,dropped
NLLB200-3.3B,11,ben,overt
NLLB200-3.3B,12,o,overt
NLLB200-3.3B,12,o,overt
NLLB200-3.3B,13,sen,overt
NLLB200-3.3B,13,ben,overt
NLLB200-3.3B,14,kadın,overt
NLLB200-3.3B,14,erkek,overt
NLLB200-3.3B,15,sen,overt
NLLB200-3.3B,15,ben,overt
NLLB200-3.3B,16,o,overt
NLLB200-3.3B,16,o,overt
NLLB200-3.3B,17,sen,overt
NLLB200-3.3B,17,ben,overt
NLLB200-3.3B,18,kadın,overt
NLLB200-3.3B,18,erkek,overt
NLLB200-3.3B,19,sen,overt
NLLB200-3.3B,19,ben,overt
NLLB200-3.3B,20,sen,overt
NLLB200-3.3B,21,,dropped
NLLB200-3.3B,21,ben,overt
NLLB200-3.3B,22,kadın,overt
NLLB200-3.3B,22,erkek,overt
NLLB200-3.3B,23,sen,overt
NLLB200-3.3B,23,ben,overt
NLLB200-3.3B,24,o,overt
NLLB200-3.3B,24,o,overt
NLLB200-3.3B,25,sen,overt
NLLB200-3.3B,25,ben,overt
NLLB200-3.3B,26,o,overt
NLLB200-3.3B,26,o,overt
NLLB200-3.3B,27,,dropped
NLLB200-3.3B,27,,dropped
NLLB200-3.3B,28,sen,overt
NLLB200-3.3B,29,sen,overt
NLLB200-3.3B,29,ben,overt
NLLB200-3.3B,30,,dropped
NLLB200-3.3B,30,o,overt
NLLB200-3.3B,31,ben,overt
NLLB200-3.3B,31,sen,overt
NLLB200-3.3B,32,karısı,overt
NLLB200-3.3B,32,kocası,overt
NLLB200-3.3B,33,sen,overt
NLLB200-3.3B,33,ben,overt
NLLB200-3.3B,34,o,overt
NLLB200-3.3B,34,ben,overt
NLLB200-3.3B,35,o,overt
NLLB200-3.3B,35,o,overt
NLLB200-3.3B,36,,dropped
NLLB200-3.3B,36,ben,overt
NLLB200-3.3B,37,o,overt
NLLB200-3.3B,37,kadın,overt
NLLB200-3.3B,38,,dropped
NLLB200-3.3B,38,sen,overt
NLLB200-3.3B,39,sen,overt
NLLB200-3.3B,39,ben,overt
NLLB200-3.3B,40,kadın,overt
NLLB200-3.3B,40,erkek,overt
NLLB200-3.3B,41,ben,overt
NLLB200-3.3B,41,sen,overt
NLLB200-3.3B,42,o,overt
NLLB200-3.3B,42,kadın,overt
NLLB200-3.3B,43,,dropped
NLLB200-3.3B,43,ben,overt
NLLB200-3.3B,44,o,overt
NLLB200-3.3B,44,o,overt
NLLB200-3.3B,45,ben,overt
NLLB200-3.3B,45,sen,overt
NLLB200-3.3B,46,o,overt
NLLB200-3.3B,46,ben,overt
NLLB200-3.3B,47,,dropped
NLLB200-3.3B,47,ben,overt
NLLB200-3.3B,48,sen,overt
NLLB200-3.3B,48,ben,overt
NLLB200-3.3B,49,o,overt
NLLB200-3.3B,49,o,overt
NLLB200-3.3B,50,,dropped
NLLB200-3.3B,50,biz,overt
NLLB200-3.3B,51,karısı,overt
NLLB200-3.3B,51,kocası,overt
NLLB200-3.3B,52,,dropped
NLLB200-3.3B,52,sen,overt
NLLB200-3.3B,53,biz,overt
NLLB200-3.3B,53,onlar,overt
NLLB200-3.3B,54,sen,overt
NLLB200-3.3B,54,ben,overt
NLLB200-3.3B,55,adam,overt
NLLB200-3.3B,55,kadın,overt
NLLB200-3.3B,56,ben,overt
NLLB200-3.3B,56,sen,overt
NLLB200-3.3B,57,o,overt
NLLB200-3.3B,57,kocası,overt
NLLB200-3.3B,58,sen,overt
NLLB200-3.3B,58,ben,overt
NLLB200-3.3B,59,o,overt
NLLB200-3.3B,59,kadın,overt
NLLB200-3.3B,60,onlar,overt
NLLB200-3.3B,60,biz,overt
NLLB200-3.3B,61,kadın,overt
NLLB200-3.3B,61,erkek,overt
NLLB200-3.3B,62,biz,overt
NLLB200-3.3B,62,onlar,overt
NLLB200-3.3B,63,sen,overt
NLLB200-3.3B,63,ben,overt
NLLB200-3.3B,64,kocası,overt
NLLB200-3.3B,64,karısı,overt
NLLB200-3.3B,65,onlar,overt
NLLB200-3.3B,65,biz,overt
NLLB200-3.3B,66,sen,overt
NLLB200-3.3B,66,ben,overt
NLLB200-3.3B,67,o,overt
NLLB200-3.3B,67,o,overt
NLLB200-3.3B,68,,dropped
NLLB200-3.3B,68,biz,overt
NLLB200-3.3B,69,o,overt
NLLB200-3.3B,69,kadın,overt
NLLB200-3.3B,70,sen,overt
NLLB200-3.3B,70,ben,overt
NLLB200-3.3B,71,biz,overt
NLLB200-3.3B,71,onlar,overt
NLLB200-3.3B,72,o,overt
NLLB200-3.3B,72,o,overt
NLLB200-3.3B,73,ben,overt
NLLB200-3.3B,73,,dropped
NLLB200-3.3B,74,onlar,overt
NLLB200-3.3B,74,biz,overt
NLLB200-3.3B,75,o,overt
NLLB200-3.3B,75,o,overt
NLLB200-3.3B,76,sen,overt
NLLB200-3.3B,76,ben,overt
NLLB200-3.3B,77,,dropped
NLLB200-3.3B,77,onlar,overt
NLLB200-3.3B,78,o,overt
NLLB200-3.3B,78,o,overt
NLLB200-3.3B,79,,dropped
NLLB200-3.3B,80,sen,overt
NLLB200-3.3B,80,ben,overt
NLLB200-3.3B,81,biz,overt
NLLB200-3.3B,81,onlar,overt
NLLB200-3.3B,82,o,overt
NLLB200-3.3B,82,o,overt
NLLB200-3.3B,83,,dropped
NLLB200-3.3B,83,,dropped
NLLB200-3.3B,84,onlar,overt
NLLB200-3.3B,84,biz,overt
NLLB200-3.3B,85,o,overt
NLLB200-3.3B,85,o,overt
NLLB200-3.3B,86,ben,overt
NLLB200-3.3B,86,sen,overt
NLLB200-3.3B,87,biz,overt
NLLB200-3.3B,87,onlar,overt
NLLB200-3.3B,88,sen,overt
NLLB200-3.3B,88,ben,overt
NLLB200-3.3B,89,,dropped
NLLB200-3.3B,89,bizler,overt
NLLB200-3.3B,90,,dropped
NLLB200-3.3B,90,o,overt
NLLB200-3.3B,91,ben,overt
NLLB200-3.3B,91,sen,overt
NLLB200-3.3B,92,biz,overt
NLLB200-3.3B,92,onlar,overt
NLLB200-3.3B,93,o,overt
NLLB200-3.3B,93,o,overt
NLLB200-3.3B,94,,dropped
NLLB200-3.3B,94,biz,overt
NLLB200-3.3B,95,o,overt
NLLB200-3.3B,95,o,overt
NLLB200-3.3B,96,ben,overt
NLLB200-3.3B,96,siz,overt
NLLB200-3.3B,97,biz,overt
NLLB200-3.3B,97,onlar,overt
NLLB200-3.3B,98,onlar,overt
NLLB200-3.3B,98,biz,overt
NLLB200-3.3B,99,adam,overt
NLLB200-3.3B,99,kadın,overt
NLLB200-3.3B,100,ben,overt
NLLB200-3.3B,100,sen,overt
NLLB200-3.3B,101,onlar,overt
NLLB200-3.3B,101,biz,overt
NLLB200-3.3B,102,sen,overt
NLLB200-3.3B,102,ben,overt
NLLB200-3.3B,103,adam,overt
NLLB200-3.3B,103,kadın,overt
NLLB200-3.3B,104,,dropped
NLLB200-3.3B,104,sen,overt
NLLB200-3.3B,105,,dropped
NLLB200-3.3B,105,,dropped
NLLB200-3.3B,106,,dropped
NLLB200-3.3B,106,ben,overt
NLLB200-3.3B,107,o,overt
NLLB200-3.3B,107,o,overt
NLLB200-3.3B,108,o,overt
NLLB200-3.3B,108,o,overt
NLLB200-3.3B,109,,dropped
NLLB200-3.3B,109,onlar,overt
translategemma-4b,1,,dropped
translategemma-4b,1,ben,overt
translategemma-4b,2,siz,overt
translategemma-4b,2,ben,overt
translategemma-4b,3,sen,overt
translategemma-4b,4,o,overt
translategemma-4b,4,o,overt
translategemma-4b,5,,dropped
translategemma-4b,5,ben,overt
translategemma-4b,6,,dropped
translategemma-4b,6,o,overt
translategemma-4b,7,,dropped
translategemma-4b,7,ben,overt
translategemma-4b,8,o,overt
translategemma-4b,8,o,overt
translategemma-4b,9,sen,overt
translategemma-4b,9,ben,overt
translategemma-4b,10,o,overt
translategemma-4b,11,,dropped
translategemma-4b,11,ben,overt
translategemma-4b,12,o,overt
translategemma-4b,12,o,overt
translategemma-4b,13,siz,overt
translategemma-4b,13,ben,overt
translategemma-4b,14,o,overt
translategemma-4b,14,o,overt
translategemma-4b,15,siz,overt
translategemma-4b,15,ben,overt
translategemma-4b,16,,dropped
translategemma-4b,16,,dropped
translategemma-4b,17,,dropped
translategemma-4b,17,ben,overt
translategemma-4b,18,o,overt
translategemma-4b,18,o,overt
translategemma-4b,19,siz,overt
translategemma-4b,19,ben,overt
translategemma-4b,20,siz,overt
translategemma-4b,21,,dropped
translategemma-4b,21,ben,overt
translategemma-4b,22,o,overt
translategemma-4b,22,,dropped
translategemma-4b,23,,dropped
translategemma-4b,23,ben,overt
translategemma-4b,24,o,overt
translategemma-4b,24,o,overt
translategemma-4b,25,siz,overt
translategemma-4b,25,ben,overt
translategemma-4b,26,o,overt
translategemma-4b,26,o,overt
translategemma-4b,27,siz,overt
translategemma-4b,27,ben,overt
translategemma-4b,28,siz,overt
translategemma-4b,29,,dropped
translategemma-4b,29,ben,overt
translategemma-4b,30,o,overt
translategemma-4b,30,o,overt
translategemma-4b,31,,dropped
translategemma-4b,31,siz,overt
translategemma-4b,32,o,overt
translategemma-4b,32,,dropped
translategemma-4b,33,sen,overt
translategemma-4b,33,ben,overt
translategemma-4b,34,o,overt
translategemma-4b,34,ben,overt
translategemma-4b,35,o,overt
translategemma-4b,35,o,overt
translategemma-4b,36,,dropped
translategemma-4b,36,ben,overt
translategemma-4b,37,o,overt
translategemma-4b,37,o,overt
translategemma-4b,38,,dropped
translategemma-4b,38,,dropped
translategemma-4b,39,,dropped
translategemma-4b,39,ben,overt
translategemma-4b,40,o,overt
translategemma-4b,40,o,overt
translategemma-4b,41,ben,overt
translategemma-4b,41,siz,overt
translategemma-4b,42,o,overt
translategemma-4b,42,o,overt
translategemma-4b,43,,dropped
translategemma-4b,43,,dropped
translategemma-4b,44,o,overt
translategemma-4b,44,o,overt
translategemma-4b,45,ben,overt
translategemma-4b,45,siz,overt
translategemma-4b,46,o,overt
translategemma-4b,46,ben,overt
translategemma-4b,47,,dropped
translategemma-4b,47,ben,overt
translategemma-4b,48,,dropped
translategemma-4b,48,ben,overt
translategemma-4b,49,o,overt
translategemma-4b,49,o,overt
translategemma-4b,50,onlar,overt
translategemma-4b,50,biz,overt
translategemma-4b,51,o,overt
translategemma-4b,51,o,overt
translategemma-4b,52,,dropped
translategemma-4b,52,siz,overt
translategemma-4b,53,biz,overt
translategemma-4b,53,onlar,overt
translategemma-4b,54,,dropped
translategemma-4b,54,ben,overt
translategemma-4b,55,o,overt
translategemma-4b,55,o,overt
translategemma-4b,56,ben,overt
translategemma-4b,56,siz,overt
translategemma-4b,57,o,overt
translategemma-4b,57,o,overt
translategemma-4b,58,,dropped
translategemma-4b,58,ben,overt
translategemma-4b,59,o,overt
translategemma-4b,59,o,overt
translategemma-4b,60,onlar,overt
translategemma-4b,60,biz,overt
translategemma-4b,61,o,overt
translategemma-4b,61,o,overt
translategemma-4b,62,biz,overt
translategemma-4b,62,onlar,overt
translategemma-4b,63,,dropped
translategemma-4b,63,ben,overt
translategemma-4b,64,o,overt
translategemma-4b,64,o,overt
translategemma-4b,65,onlar,overt
translategemma-4b,65,biz,overt
translategemma-4b,66,,dropped
translategemma-4b,66,ben,overt
translategemma-4b,67,o,overt
translategemma-4b,67,o,overt
translategemma-4b,68,onlar,overt
translategemma-4b,68,biz,overt
translategemma-4b,69,her,overt
translategemma-4b,69,o,overt
translategemma-4b,70,,dropped
translategemma-4b,70,ben,overt
translategemma-4b,71,biz,overt
translategemma-4b,71,onlar,overt
translategemma-4b,72,o,overt
translategemma-4b,72,o,overt
translategemma-4b,73,ben,overt
translategemma-4b,73,siz,overt
translategemma-4b,74,onlar,overt
translategemma-4b,74,biz,overt
translategemma-4b,75,o,overt
translategemma-4b,75,diğer,overt
translategemma-4b,76,ben,overt
translategemma-4b,76,siz,overt
translategemma-4b,77,biz,overt
translategemma-4b,77,onlar,overt
translategemma-4b,78,o,overt
translategemma-4b,78,o,overt
translategemma-4b,79,o,overt
translategemma-4b,80,,dropped
translategemma-4b,80,ben,overt
translategemma-4b,81,biz,overt
translategemma-4b,81,onlar,overt
translategemma-4b,82,o,overt
translategemma-4b,82,o,overt
translategemma-4b,83,o,overt
translategemma-4b,83,o,overt
translategemma-4b,84,,dropped
translategemma-4b,84,biz,overt
translategemma-4b,85,o,overt
translategemma-4b,85,o,overt
translategemma-4b,86,ben,overt
translategemma-4b,86,siz,overt
translategemma-4b,87,,dropped
translategemma-4b,87,onlar,overt
translategemma-4b,88,siz,overt
translategemma-4b,88,ben,overt
translategemma-4b,89,onlar,overt
translategemma-4b,89,biz,overt
translategemma-4b,90,her,overt
translategemma-4b,90,o,overt
translategemma-4b,91,ben,overt
translategemma-4b,91,siz,overt
translategemma-4b,92,biz,overt
translategemma-4b,92,onlar,overt
translategemma-4b,93,o,overt
translategemma-4b,93,o,overt
translategemma-4b,94,,dropped
translategemma-4b,94,,dropped
translategemma-4b,95,o,overt
translategemma-4b,95,o,overt
translategemma-4b,96,ben,overt
translategemma-4b,96,sen,overt
translategemma-4b,97,,dropped
translategemma-4b,97,,dropped
translategemma-4b,98,onlar,overt
translategemma-4b,98,biz,overt
translategemma-4b,99,o,overt
translategemma-4b,99,o,overt
translategemma-4b,100,ben,overt
translategemma-4b,100,siz,overt
translategemma-4b,101,,dropped
translategemma-4b,101,biz,overt
translategemma-4b,102,siz,overt
translategemma-4b,102,ben,overt
translategemma-4b,103,o,overt
translategemma-4b,103,o,overt
translategemma-4b,104,,dropped
translategemma-4b,104,sen,overt
translategemma-4b,105,,dropped
translategemma-4b,105,,dropped
translategemma-4b,106,,dropped
translategemma-4b,106,ben,overt
translategemma-4b,107,o,overt
translategemma-4b,107,o,overt
translategemma-4b,108,o,overt
translategemma-4b,108,o,overt
translategemma-4b,109,,dropped
translategemma-4b,109,onlar,overt
llama3.1-IT-8B,1,,dropped
llama3.1-IT-8B,1,ben,overt
llama3.1-IT-8B,2,,dropped
llama3.1-IT-8B,2,ben,overt
llama3.1-IT-8B,3,sen,overt
llama3.1-IT-8B,4,o,overt
llama3.1-IT-8B,4,o,overt
llama3.1-IT-8B,5,,dropped
llama3.1-IT-8B,5,ben,overt
llama3.1-IT-8B,6,,dropped
llama3.1-IT-8B,6,,dropped
llama3.1-IT-8B,7,,dropped
llama3.1-IT-8B,7,ben,overt
llama3.1-IT-8B,8,o,overt
llama3.1-IT-8B,8,o,overt
llama3.1-IT-8B,9,,dropped
llama3.1-IT-8B,9,ben,overt
llama3.1-IT-8B,10,,dropped
llama3.1-IT-8B,11,,dropped
llama3.1-IT-8B,11,ben,overt
llama3.1-IT-8B,12,,dropped
llama3.1-IT-8B,12,,dropped
llama3.1-IT-8B,13,,dropped
llama3.1-IT-8B,13,ben,overt
llama3.1-IT-8B,14,,dropped
llama3.1-IT-8B,14,o,overt
llama3.1-IT-8B,15,siz,overt
llama3.1-IT-8B,15,ben,overt
llama3.1-IT-8B,16,,dropped
llama3.1-IT-8B,16,o,overt
llama3.1-IT-8B,17,,dropped
llama3.1-IT-8B,17,ben,overt
llama3.1-IT-8B,18,onlar,overt
llama3.1-IT-8B,18,o,overt
llama3.1-IT-8B,19,,dropped
llama3.1-IT-8B,19,ben,overt
llama3.1-IT-8B,20,siz,overt
llama3.1-IT-8B,21,,dropped
llama3.1-IT-8B,21,ben,overt
llama3.1-IT-8B,22,o,overt
llama3.1-IT-8B,22,o,overt
llama3.1-IT-8B,23,,dropped
llama3.1-IT-8B,23,ben,overt
llama3.1-IT-8B,24,o,overt
llama3.1-IT-8B,24,o,overt
llama3.1-IT-8B,25,sen,overt
llama3.1-IT-8B,25,ben,overt
llama3.1-IT-8B,26,o,overt
llama3.1-IT-8B,26,o,overt
llama3.1-IT-8B,27,,dropped
llama3.1-IT-8B,27,ben,overt
llama3.1-IT-8B,28,,dropped
llama3.1-IT-8B,29,sen,overt
llama3.1-IT-8B,29,ben,overt
llama3.1-IT-8B,30,,dropped
llama3.1-IT-8B,30,o,overt
llama3.1-IT-8B,31,,dropped
llama3.1-IT-8B,31,siz,overt
llama3.1-IT-8B,32,,dropped
llama3.1-IT-8B,32,o,overt
llama3.1-IT-8B,33,,dropped
llama3.1-IT-8B,33,ben,overt
llama3.1-IT-8B,34,,dropped
llama3.1-IT-8B,34,ben,overt
llama3.1-IT-8B,35,,dropped
llama3.1-IT-8B,35,o,overt
llama3.1-IT-8B,36,,dropped
llama3.1-IT-8B,36,ben,overt
llama3.1-IT-8B,37,,dropped
llama3.1-IT-8B,37,o,overt
llama3.1-IT-8B,38,,dropped
llama3.1-IT-8B,38,sen,overt
llama3.1-IT-8B,39,,dropped
llama3.1-IT-8B,39,ben,overt
llama3.1-IT-8B,40,,dropped
llama3.1-IT-8B,40,o,overt
llama3.1-IT-8B,41,,dropped
llama3.1-IT-8B,41,sen,overt
llama3.1-IT-8B,42,o,overt
llama3.1-IT-8B,42,o,overt
llama3.1-IT-8B,43,,dropped
llama3.1-IT-8B,43,ben,overt
llama3.1-IT-8B,44,,dropped
llama3.1-IT-8B,44,o,overt
llama3.1-IT-8B,45,,dropped
llama3.1-IT-8B,45,siz,overt
llama3.1-IT-8B,46,,dropped
llama3.1-IT-8B,46,ben,overt
llama3.1-IT-8B,47,,dropped
llama3.1-IT-8B,47,ben,overt
llama3.1-IT-8B,48,,dropped
llama3.1-IT-8B,48,ben,overt
llama3.1-IT-8B,49,o,overt
llama3.1-IT-8B,49,o,overt
llama3.1-IT-8B,50,,dropped
llama3.1-IT-8B,50,biz,overt
llama3.1-IT-8B,51,,dropped
llama3.1-IT-8B,51,o,overt
llama3.1-IT-8B,52,,dropped
llama3.1-IT-8B,52,siz,overt
llama3.1-IT-8B,53,,dropped
llama3.1-IT-8B,53,onlar,overt
llama3.1-IT-8B,54,,dropped
llama3.1-IT-8B,54,ben,overt
llama3.1-IT-8B,55,o,overt
llama3.1-IT-8B,55,o,overt
llama3.1-IT-8B,56,,dropped
llama3.1-IT-8B,56,siz,overt
llama3.1-IT-8B,57,o,overt
llama3.1-IT-8B,57,o,overt
llama3.1-IT-8B,58,,dropped
llama3.1-IT-8B,58,ben,overt
llama3.1-IT-8B,59,,dropped
llama3.1-IT-8B,59,o,overt
llama3.1-IT-8B,60,,dropped
llama3.1-IT-8B,60,biz,overt
llama3.1-IT-8B,61,,dropped
llama3.1-IT-8B,61,o,overt
llama3.1-IT-8B,62,,dropped
llama3.1-IT-8B,62,onlar,overt
llama3.1-IT-8B,63,,dropped
llama3.1-IT-8B,63,ben,overt
llama3.1-IT-8B,64,,dropped
llama3.1-IT-8B,64,o,overt
llama3.1-IT-8B,65,,dropped
llama3.1-IT-8B,65,biz,overt
llama3.1-IT-8B,66,,dropped
llama3.1-IT-8B,66,ben,overt
llama3.1-IT-8B,67,o,overt
llama3.1-IT-8B,67,o,overt
llama3.1-IT-8B,68,,dropped
llama3.1-IT-8B,68,biz,overt
llama3.1-IT-8B,69,,dropped
llama3.1-IT-8B,69,o,overt
llama3.1-IT-8B,70,,dropped
llama3.1-IT-8B,70,ben,overt
llama3.1-IT-8B,71,,dropped
llama3.1-IT-8B,71,onlar,overt
llama3.1-IT-8B,72,o,overt
llama3.1-IT-8B,72,o,overt
llama3.1-IT-8B,73,,dropped
llama3.1-IT-8B,73,siz,overt
llama3.1-IT-8B,74,,dropped
llama3.1-IT-8B,74,biz,overt
llama3.1-IT-8B,75,o,overt
llama3.1-IT-8B,75,o,overt
llama3.1-IT-8B,76,,dropped
llama3.1-IT-8B,76,ben,overt
llama3.1-IT-8B,77,,dropped
llama3.1-IT-8B,77,onlar,overt
llama3.1-IT-8B,78,,dropped
llama3.1-IT-8B,78,o,overt
llama3.1-IT-8B,79,,dropped
llama3.1-IT-8B,80,,dropped
llama3.1-IT-8B,80,ben,overt
llama3.1-IT-8B,81,,dropped
llama3.1-IT-8B,81,onlar,overt
llama3.1-IT-8B,82,o,overt
llama3.1-IT-8B,82,o,overt
llama3.1-IT-8B,83,o,overt
llama3.1-IT-8B,83,,dropped
llama3.1-IT-8B,84,,dropped
llama3.1-IT-8B,84,biz,overt
llama3.1-IT-8B,85,,dropped
llama3.1-IT-8B,85,o,overt
llama3.1-IT-8B,86,,dropped
llama3.1-IT-8B,86,siz,overt
llama3.1-IT-8B,87,,dropped
llama3.1-IT-8B,87,onlar,overt
llama3.1-IT-8B,88,,dropped
llama3.1-IT-8B,88,ben,overt
llama3.1-IT-8B,89,,dropped
llama3.1-IT-8B,89,biz,overt
llama3.1-IT-8B,90,,dropped
llama3.1-IT-8B,90,o,overt
llama3.1-IT-8B,91,,dropped
llama3.1-IT-8B,91,siz,overt
llama3.1-IT-8B,92,,dropped
llama3.1-IT-8B,92,onlar,overt
llama3.1-IT-8B,93,,dropped
llama3.1-IT-8B,93,o,overt
llama3.1-IT-8B,94,,dropped
llama3.1-IT-8B,94,biz,overt
llama3.1-IT-8B,95,,dropped
llama3.1-IT-8B,95,o,overt
llama3.1-IT-8B,96,,dropped
llama3.1-IT-8B,96,siz,overt
llama3.1-IT-8B,97,,dropped
llama3.1-IT-8B,97,onlar,overt
llama3.1-IT-8B,98,,dropped
llama3.1-IT-8B,98,biz,overt
llama3.1-IT-8B,99,,dropped
llama3.1-IT-8B,99,o,overt
llama3.1-IT-8B,100,ben,overt
llama3.1-IT-8B,100,siz,overt
llama3.1-IT-8B,101,,dropped
llama3.1-IT-8B,101,biz,overt
llama3.1-IT-8B,102,,dropped
llama3.1-IT-8B,102,ben,overt
llama3.1-IT-8B,103,o,overt
llama3.1-IT-8B,103,o,overt
llama3.1-IT-8B,104,,dropped
llama3.1-IT-8B,104,siz,overt
llama3.1-IT-8B,105,,dropped
llama3.1-IT-8B,105,,dropped
llama3.1-IT-8B,106,,dropped
llama3.1-IT-8B,106,ben,overt
llama3.1-IT-8B,107,o,overt
llama3.1-IT-8B,107,o,overt
llama3.1-IT-8B,108,,dropped
llama3.1-IT-8B,108,,dropped
llama3.1-IT-8B,109,,dropped
llama3.1-IT-8B,109,onlar,overt
