sentence_id,source_english,human_translation_1,human_translation_2,human_translation_3,reviewer_notes,model1,model2,model3
1,"You enjoy city life, but I prefer the quiet of the countryside.",,,,,,,
2,"Ali stayed up all night studying, while he didn’t even open his book.",,,,,,,
3,"You might think it’s boring, but I find it fascinating.",,,,,,,
4,"Even Melis managed to catch the train, yet you missed it again.",,,,,,,
5,She believes in miracles; he believes in hard work.,,,,,,,
6,You see only the problem; I see the opportunity.,,,,,,,
7,"He wanted to speak, but she chose silence.",,,,,,,
8,"You may have forgotten, but I remember everything.",,,,,,,
9,He admires tradition; she embraces change.,,,,,,,
10,"You act before thinking, while I plan every move.",,,,,,,
11,"Even the children understood the lesson, yet she kept explaining it.",,,,,,,
12,"You might ignore the warning, but I take it seriously.",,,,,,,
13,He came early to help; she showed up just for dessert.,,,,,,,
14,"You complain about the noise, but I like the energy.",,,,,,,
15,She spends her money freely; he saves every coin.,,,,,,,
16,You want comfort; I seek adventure.,,,,,,,
17,He treats life like a race; she treats it like a journey.,,,,,,,
18,"You stay safe on the shore, but I dive into the waves.",,,,,,,
19,She speaks with passion; he listens with patience.,,,,,,,
20,"You strive for perfection, while I aim for progress.",,,,,,,
21,"Even the shy students asked questions, though you stayed silent.",,,,,,,
22,He works for recognition; she works for purpose.,,,,,,,
23,You follow rules blindly; I question everything.,,,,,,,
24,"She trusts easily, but he doubts constantly.",,,,,,,
25,You find joy in crowds; I find peace alone.,,,,,,,
26,He builds connections; she builds walls.,,,,,,,
27,"You avoid challenges, but I welcome them.",,,,,,,
28,She writes poetry; he studies physics.,,,,,,,
29,"You think success is luck, but I think it’s effort.",,,,,,,
30,"Even the youngest member contributed ideas, yet you said nothing.",,,,,,,
31,"You love summer, but I wait for winter.",,,,,,,
32,"He arrived early, while she didn’t even bother showing up.",,,,,,,
33,"I value honesty, but you prefer convenience.",,,,,,,
34,"She speaks quickly, yet he takes his time to respond.",,,,,,,
35,"You focus on appearance, while I care about substance.",,,,,,,
36,"He reads novels, but I prefer documentaries.",,,,,,,
37,She practices every day; he plays only when inspired.,,,,,,,
38,"You find peace in silence, but I thrive on noise.",,,,,,,
39,"He saves every penny, while she spends without thinking.",,,,,,,
40,"I enjoy social events, but you always look for an excuse to leave.",,,,,,,
41,He works for success; she works for joy.,,,,,,,
42,"You trust easily, but I question everyone.",,,,,,,
43,"She forgives quickly, yet he holds grudges.",,,,,,,
44,"I like order, but you seem to love chaos.",,,,,,,
45,"He follows the rules, while she challenges them.",,,,,,,
46,"You want quick results, but I believe in patience.",,,,,,,
47,"She dreams big, but he fears failure.",,,,,,,
48,"I took responsibility, but you walked away from it.",,,,,,,
49,"He chose security, while I chose adventure.",,,,,,,
50,"You may hesitate, but I will take the risk.",,,,,,,
51,"You enjoy staying indoors, whereas I like being outside from dawn to dusk.",,,,,,,
52,"He trusts people easily, but she questions everyone’s intentions.",,,,,,,
53,"They follow every rule, while we prefer to bend them when necessary.",,,,,,,
54,"She speaks her mind openly, yet he keeps his thoughts to himself.",,,,,,,
55,"I like planning every detail, but you prefer to act on impulse.",,,,,,,
56,"We focus on long term goals, whereas they chase quick wins.",,,,,,,
57,"You see only the risks, but I notice the potential benefits.",,,,,,,
58,"He reacts emotionally, while she responds in a very logical way.",,,,,,,
59,"They enjoy loud parties, but we look for quiet evenings at home.",,,,,,,
60,"I try to resolve conflicts gently, whereas you confront issues directly.",,,,,,,
61,"She invests in experiences, while he spends most of his money on gadgets.",,,,,,,
62,"You keep everything organized, but I leave things where they land.",,,,,,,
63,"He prefers working alone, whereas she thrives in a busy team.",,,,,,,
64,"They celebrate every small win, but we save our energy for the big ones.",,,,,,,
65,"I enjoy learning new languages, while you focus mainly on numbers.",,,,,,,
66,"She adapts quickly to change, but he clings to his usual routines.",,,,,,,
67,"We share information freely, whereas they guard every detail.",,,,,,,
68,"You treat mistakes as failures, but I treat them as practice.",,,,,,,
69,"He talks confidently in public, while she prefers to write her ideas.",,,,,,,
70,"They travel whenever possible, whereas we rarely leave our hometown.",,,,,,,
71,I lost my phone again. Why am I always so careless?,,,,,,,
72,He missed today’s meeting. He never checks his schedule properly.,,,,,,,
73,The laptop froze once more. It always breaks at the worst time.,,,,,,,
74,I burned the toast this morning. I just can’t cook properly.,,,,,,,
75,She forgot to reply to me again. She’s always terrible at texting back.,,,,,,,
76,We argued last night. We keep fighting over the smallest things.,,,,,,,
77,I fell asleep on the bus today. That always happens when I stay up too late.,,,,,,,
78,He crashed his bike again. He just never learns to slow down.,,,,,,,
79,My plan fell apart. I rarely see things go as I expect.,,,,,,,
80,The meeting ran late again. We always end up wasting so much time.,,,,,,,
81,I spilled coffee on my shirt. I’m constantly ruining my clothes.,,,,,,,
82,They missed the train again. They can’t manage time properly.,,,,,,,
83,I missed the deadline. I always underestimate how long tasks take.,,,,,,,
84,She skipped breakfast again. She never takes care of herself.,,,,,,,
85,I lost my keys this morning. I lose everything I touch.,,,,,,,
86,He showed up unannounced again. He never respects boundaries.,,,,,,,
87,I forgot to call my mom yesterday. I always forget important things.,,,,,,,
88,We ran out of milk again. We can never keep track of groceries.,,,,,,,
89,The car wouldn’t start this morning. It’s always unreliable in winter.,,,,,,,
90,She overslept today. She’s never been punctual.,,,,,,,
91,I locked myself out again. I keep making the same mistakes.,,,,,,,
92,He ignored my message. He’s always distant like that.,,,,,,,
93,I failed the test again. I can’t seem to focus lately.,,,,,,,
94,She laughed at my joke. She always finds humor in everything.,,,,,,,
95,The printer jammed again. It never works when needed.,,,,,,,
96,My flight was delayed. It always makes me feel stressed.,,,,,,,
97,He missed dinner again. He’s always too busy for family.,,,,,,,
98,I got confused during the presentation. I’m terrible at speaking in front of people.,,,,,,,
99,We lost the game last night. We always seem to struggle in crucial moments.,,,,,,,
100,I forgot my password again. I keep setting ones I can’t remember.,,,,,,,
101,I lost my umbrella again. I always forget it when it rains.,,,,,,,
102,She missed her appointment. She’s always running behind schedule.,,,,,,,
103,He called too late. He never checks the time before dialing.,,,,,,,
104,We burned the cookies again. We can’t seem to follow recipes properly.,,,,,,,
105,I tripped on the stairs. I’m always in a hurry.,,,,,,,
106,The phone died suddenly. It never lasts through the day.,,,,,,,
107,She canceled our meeting. She often avoids direct conversations.,,,,,,,
108,He forgot my birthday. He’s terrible with dates.,,,,,,,
109,We argued this morning. We fight every time stress piles up.,,,,,,,
110,I spilled tea on my notes. I always do something clumsy during exams.,,,,,,,
111,He lost his wallet again. He’s always misplacing things.,,,,,,,
112,The delivery was late. It happens almost every time I order online.,,,,,,,
113,She laughed at my mistake. She always finds humor in everything I do.,,,,,,,
114,I missed the bus again. I keep ignoring the morning alarm.,,,,,,,
115,They rejected my application. They never appreciate creative ideas.,,,,,,,
116,It rained on my trip again. It always ruins my travel plans.,,,,,,,
117,He broke another glass. He’s always careless around fragile things.,,,,,,,
118,I stayed up too late last night. I never learn to manage my time.,,,,,,,
119,We forgot to pay the bill. We often overlook small responsibilities.,,,,,,,
120,She got lost downtown. She’s always bad with directions.,,,,,,,
121,I missed an important email this morning. I constantly overlook the most crucial messages.,,,,,,,
122,She left her lunch at home today. She habitually rushes out without checking her bag.,,,,,,,
123,He arrived without his notes again. He typically forgets what he needs for meetings.,,,,,,,
124,We stayed up past midnight last night. We regularly ignore our own bedtime rules.,,,,,,,
125,They argued about chores yesterday. They frequently turn small tasks into big conflicts.,,,,,,,
126,I arrived too early for the interview. I usually misjudge how long trips will take.,,,,,,,
127,She cried after the phone call. She often internalizes other people’s problems.,,,,,,,
128,He skipped his workout today. He repeatedly lets work crowd out his health.,,,,,,,
129,We left the window open last night. We constantly forget to check the house before bed.,,,,,,,
130,They submitted their assignment at the last minute. They habitually delay work until the deadline.,,,,,,,
131,I mispronounced his name again. I consistently struggle with names in formal situations.,,,,,,,
132,She ignored three alarms this morning. She regularly sleeps through every reminder.,,,,,,,
133,He sent the report to the wrong address. He often rushes through emails without checking details.,,,,,,,
134,We double-booked our plans this weekend. We typically fail to coordinate our calendars.,,,,,,,
135,They forgot to lock the door yesterday. They often overlook basic safety steps.,,,,,,,
136,I overspent on shopping today. I repeatedly fail to stick to my budget.,,,,,,,
137,She canceled dinner at the last moment. She frequently changes plans when she feels tired.,,,,,,,
138,He missed his doctor’s appointment again. He usually ignores reminders about his health.,,,,,,,
139,We turned in the form without reading it properly. We often sign things without understanding them fully.,,,,,,,
140,They arrived at the wrong venue tonight. They regularly skim instructions instead of reading them.,,,,,,,
