source_sentence,original_finetuned_llama_translation
"You enjoy city life, but I prefer the quiet of the countryside.",Şehir hayatından hoşlanıyorsun ama ben kırsalda sessizliğin tercih ederim. ​​​​​​​ ​​​​​​ ​​​ ​​​ ​​​ ​​​ ​​​ ​​​ ​​​ ​​​ ​​​ ​​​ ​​​ ​​​ ​​​ ​​​ ​​​ ​​​ ​​​ ​​​ ​​​ ​​​ ​​​ ​​​ ​​​ ​​​ ​​​ ​​​ ​​​ ​​​ ​​​ ​​​ ​​​ ​​​ ​​​ ​​​
"You might think it’s boring, but I find it fascinating.",Onun sıkıcı olduğunu düşünebilirsin ama ben onu büyüleyici buluyorum. ​​​​​ ​​​ ​ ​​​ ​​​ ​​​ ​​​ ​​​ ​​​ ​​​ ​​​ ​​​ ​​​ ​​​ ​​​ ​​​ ​​​ ​​​ ​​​ ​​​ ​​​ ​​​ ​​​ ​​​ ​​​ ​​​ ​​​ ​​​ ​​​ ​​​ ​​​ ​​​ ​​​ ​​​ ​​​ ​​​ ​​​ ​​​ ​​​ ​​​ ​​​ ​​​ ​​​
"Even Melis managed to catch the train, yet you missed it again.","Melis bile treni yakalayabildi, ama yine de seni kaçırdın.​ ​ ​ ​ ​ ​ ​ ​ ​ ​ ​ ​ ​ ​ ​ ​ ​ ​ ​ ​ ​ ​ ​ ​ ​ ​ ​ ​ ​ ​ ​ ​ ​ ​ ​ ​ ​ ​ ​ ​ ​ ​ ​ ​"
She believes in miracles; he believes in hard work.,"O, mucizelere inanır; o, sıkı çalışmaya inanır. ​​​​​​​ ​​​ ​ ​​​ ​​​ ​​​ ​​​ ​​​ ​​​ ​​​ ​​​ ​​​ ​​​ ​​​ ​​​ ​​​ ​​​ ​​​ ​​​ ​​​ ​​​ ​​​ ​​​ ​​​ ​​​ ​​​ ​​​ ​​​ ​​​ ​​​ ​​​ ​​​ ​​​ ​​​ ​​​ ​​​ ​​​ ​​​ ​​​ ​​​ ​​​ ​​​ ​​​ ​​​"
You see only the problem; I see opportunities.,Sadece sorunu görüyorsun; Ben fırsatları görüyorum.​ ​ ​ ​ ​ ​ ​ ​ ​ ​ ​ ​ ​ ​ ​ ​ ​ ​ ​ ​ ​ ​ ​ ​ ​ ​ ​ ​ ​ ​ ​ ​ ​ ​ ​ ​ ​ ​ ​ ​ ​ ​ ​ ​ ​ ​ ​
"He wanted to speak, but she chose silence.",O konuşmak istedi ama o sessizliği tercih etti. ​​​​​​​ ​​​​​​ ​ ​​​​ ​​​ ​​​ ​​​ ​​​ ​​​ ​​​ ​​​ ​​​ ​​​ ​​​ ​​​ ​​​ ​​​ ​​​ ​​​ ​​​ ​​​ ​​​ ​​​ ​​​ ​​​ ​​​ ​​​ ​​​ ​​​ ​​​ ​​​ ​​​ ​​​ ​​​ ​​​ ​​​ ​​​ ​​​ ​​​ ​​​ ​​​ ​​​ ​​​ ​​​ ​​​ ​​​ ​​​
"You may have forgotten, but I remember everything.",Sen unutmuş olabilirsin ama ben her şeyi hatırlıyorum.‎ ‎ ‎ ‎ ‎ ‎ ‎ ‎ ‎ ‎ ‎ ‎ ‎ ‎ ‎ ‎ ‎ ‎ ‎ ‎ ‎ ‎ ‎ ‎ ‎ ‎ ‎ ‎ ‎ ‎ ‎ ‎ ‎ ‎ ‎ ‎ ‎ ‎ ‎ ‎ ‎ ‎ ‎ ‎ ‎ ‎ ‎ ‎ ‎ ‎
He admires tradition; she embraces change.,"O, geleneğe hayran; o, değişmeye açıktır. ​​​​​​​ ​​​​​​​​ ​​​​​​​​ ​​​​​​​​ ​​​​​​​​ ​​​​​​​​ ​​​​​​​​ ​​​​​​​​ ​​​​​​​​ ​​​​​​​​ ​​​​​​​​ ​​​​"
"You act before thinking, while I plan every move.",Ben her hamleyi planlarken sen düşünmeden önce hareket ediyorsun. Bu da benimle aynı zamana denk geliyor. Benimle aynı seviyeye gelinceye kadar. Bu da benimle aynı seviyeye gelinceye kadar. Benimle aynı seviyeye
"Even the children understood the lesson, yet she kept explaining it.",Çocuklar bile dersi anlamıştı ama o onu hala açıklıyordu. ​​​​​​​ ​​​​​​ ​​​ ​​​ ​​​ ​​​ ​​​ ​​​ ​​​ ​​​ ​​​ ​​​ ​​​ ​​​ ​​​ ​​​ ​​​ ​​​ ​​​ ​​​ ​​​ ​​​ ​​​ ​​​ ​​​ ​​​ ​​​ ​​​ ​​​ ​​​ ​​​ ​​​ ​​​ ​​​ ​​​ ​​​ ​​​ ​​​ ​​​ ​​​
"You might ignore the warning, but I take it seriously.",Uyarmı göze almayabilirsin ama ben ciddiye alırım. ​​​​​​​ ​​​ ​​​ ​​​ ​​​ ​​​ ​​​ ​​​ ​​​ ​​​ ​​​ ​​​ ​​​ ​​​ ​​​ ​​​ ​​​ ​​​ ​​​ ​​​ ​​​ ​​​ ​​​ ​​​ ​​​ ​​​ ​​​ ​​​ ​​​ ​​​ ​​​ ​​​ ​​​ ​​​ ​​​ ​​​ ​​​ ​​​ ​​​ ​​​ ​​​ ​​​ ​​​
He came early to help; she showed up just for dessert.,O erken geldi yardım etmek için; o sadece tatlı için geldi. ​​​​​​​ ​​​ ​​​ ​​​ ​​​ ​​​ ​​​ ​​​ ​​​ ​​​ ​​​ ​​​ ​​​ ​​​ ​​​ ​​​ ​​​ ​​​ ​​​ ​​​ ​​​ ​​​ ​​​ ​​​ ​​​ ​​​ ​​​ ​​​ ​​​ ​​​ ​​​ ​​​ ​​​ ​​​ ​​​ ​​​ ​​​ ​​​ ​​​ ​​​ ​​​ ​​​ ​​​ ​​​ ​​​ ​​​ ​​​
"You complain about the noise, but I like the energy.",Gürültü hakkında şikayet ediyorsun ama ben enerjiden hoşlanıyorum. ​​​​​ ​​​ ​ ​​​ ​​​ ​​​ ​​​ ​​​ ​​​ ​​​ ​​​ ​​​ ​​​ ​​​ ​​​ ​​​ ​​​ ​​​ ​​​ ​​​ ​​​ ​​​ ​​​ ​​​ ​​​ ​​​ ​​​ ​​​ ​​​ ​​​ ​​​ ​​​ ​​​ ​​​ ​​​ ​​​ ​​​ ​​​ ​​​ ​​​ ​​​ ​​​ ​​​
She spends her money freely; he saves every coin.,"O, parisini kolayca harcıyor; o, her kuruşunu biriktiriyor. ​​​​​​​ ​​​​​​​​ ​​​​​​​​ ​​​​​​​​ ​​​​​​​​ ​​​​​​​​ ​​​​​​​​ ​​​​​​​​ ​​​​​​​​ ​​​​​​​​ ​​​​​​"
You want comfort; I seek adventure.,"Sen rahatlığı istiyorsun, ben macarayı arıyorum. ​​​​​​​ ​​​ ​​​ ​​​ ​​​ ​​​ ​​​ ​​​ ​​​ ​​​ ​​​ ​​​ ​​​ ​​​ ​​​ ​​​ ​​​ ​​​ ​​​ ​​​ ​​​ ​​​ ​​​ ​​​ ​​​ ​​​ ​​​ ​​​ ​​​ ​​​ ​​​ ​​​ ​​​ ​​​ ​​​ ​​​ ​​​ ​​​ ​​​ ​​​ ​​​ ​​​ ​​​ ​​​ ​​​ ​​​"
He treats life like a race; she treats it like a journey.,"O, hayatın bir yarışı gibi bakıyor; o ise bir gezi gibi bakıyor. ​​​​​​​ ​​​ ​​​ ​​​ ​​​ ​​​ ​​​ ​​​ ​​​ ​​​ ​​​ ​​​ ​​​ ​​​ ​​​ ​​​ ​​​ ​​​ ​​​ ​​​ ​​​ ​​​ ​​​ ​​​ ​​​ ​​​ ​​​ ​​​ ​​​ ​​​ ​​​ ​​​ ​​​ ​​​ ​​​ ​​​ ​​​ ​​​ ​​​ ​​​ ​​​"
"You stay safe on the shore, but I dive into the waves.",Sen güvenli bir şekilde sahilde kalırsın ama ben dalgalara dalıyorum. ​​​​​​​ ​​​ ​​​ ​​​ ​​​ ​​​ ​​​ ​​​ ​​​ ​​​ ​​​ ​​​ ​​​ ​​​ ​​​ ​​​ ​​​ ​​​ ​​​ ​​​ ​​​ ​​​ ​​​ ​​​ ​​​ ​​​ ​​​ ​​​ ​​​ ​​​ ​​​ ​​​ ​​​ ​​​ ​​​ ​​​ ​​​ ​​​ ​​​ ​​​ ​​​
She speaks with passion; he listens with patience.,"O, tutkusuyla konuşur; o sabırla dinler. ​​​​​​​ ​​​​​​​​ ​​​​​​​​ ​​​​​​​​ ​​​​​​​​ ​​​​​​​​ ​​​​​​​​ ​​​​​​​​ ​​​​​​​​ ​​​​​​​​ ​​​​​​​​ ​​​​​​"
"You strive for perfection, while I aim for progress.","Ben ilerleme için çabalarsın, ben de mükemmeliyet için. Bu çelişki, insan doğası ile alakalı. Her neyse, bu çelişki, insan doğası ile alakalı. Her neyse, bu çelişki, insan doğası ile"
"Even the shy students asked questions, while you stayed silent.","Sessiz durduğun sürece, korkulu öğrenciler bile sorular sordular. ​​​​​​​ ​​​ ​​​ ​​​ ​​​ ​​​ ​​​ ​​​ ​​​ ​​​ ​​​ ​​​ ​​​ ​​​ ​​​ ​​​ ​​​ ​​​ ​​​ ​​​ ​​​ ​​​ ​​​ ​​​ ​​​ ​​​ ​​​ ​​​ ​​​ ​​​ ​​​ ​​​ ​​​ ​​​ ​​​ ​​​ ​​​ ​​​ ​​​ ​​​ ​​​"
You follow rules blindly; I question everything.,Sen kurallara gözüpek uysun; Ben her şeye soruyorum. ​​​​​​​ ​​​ ​ ​​​ ​​​ ​​​ ​​​ ​​​ ​​​ ​​​ ​​​ ​​​ ​​​ ​​​ ​​​ ​​​ ​​​ ​​​ ​​​ ​​​ ​​​ ​​​ ​​​ ​​​ ​​​ ​​​ ​​​ ​​​ ​​​ ​​​ ​​​ ​​​ ​​​ ​​​ ​​​ ​​​ ​​​ ​​​ ​​​ ​​​ ​​​ ​​​
"She trusts easily, but he doubts constantly.",O kolayca güveniyor ama o sürekli şüphe ediyor. ​​​​​​​ ​​​ ​​​ ​​​ ​​​ ​​​ ​​​ ​​​ ​​​ ​​​ ​​​ ​​​ ​​​ ​​​ ​​​ ​​​ ​​​ ​​​ ​​​ ​​​ ​​​ ​​​ ​​​ ​​​ ​​​ ​​​ ​​​ ​​​ ​​​ ​​​ ​​​ ​​​ ​​​ ​​​ ​​​ ​​​ ​​​ ​​​ ​​​ ​​​ ​​​ ​​​ ​​​ ​​​ ​​​ ​​​ ​​​ ​​​
You find joy in crowds; I find peace alone.,Sen kalabalıklarda mutluyorsun; Ben yalnız bulurum. ​​​​​​​ ​​​ ​​​ ​​​ ​​​ ​​​ ​​​ ​​​ ​​​ ​​​ ​​​ ​​​ ​​​ ​​​ ​​​ ​​​ ​​​ ​​​ ​​​ ​​​ ​​​ ​​​ ​​​ ​​​ ​​​ ​​​ ​​​ ​​​ ​​​ ​​​ ​​​ ​​​ ​​​ ​​​ ​​​ ​​​ ​​​ ​​​ ​​​ ​​​ ​​​ ​​​ ​​​ ​​​ ​​​
He builds connections; she builds walls.,"O, bağlantılara investingir; o, duvarlara. ​​​​​​​ ​​​​​​ ​ ​​​​ ​​​ ​​​ ​​​ ​​​ ​​​ ​​​ ​​​ ​​​ ​​​ ​​​ ​​​ ​​​ ​​​ ​​​ ​​​ ​​​ ​​​ ​​​ ​​​ ​​​ ​​​ ​​​ ​​​ ​​​ ​​​ ​​​ ​​​ ​​​ ​​​ ​​​ ​​​ ​​​ ​​​ ​​​ ​​​ ​​​ ​​​ ​​​ ​​​ ​​​"
"You avoid challenges, but I welcome them.",Sen zorluklardan kaçınırsın ama ben onları kabul ederim.​ ​ ​ ​ ​ ​ ​ ​ ​ ​ ​ ​ ​ ​ ​ ​ ​ ​ ​ ​ ​ ​ ​ ​ ​ ​ ​ ​ ​ ​ ​ ​ ​ ​ ​ ​ ​ ​ ​ ​ ​ ​ ​ ​ ​ ​ ​
She writes poetry; he studies physics.,"O, şiir yazar; o, fizik çalışır. ​​​​​​​ ​​​ ​​​ ​​​ ​​​ ​​​ ​​​ ​​​ ​​​ ​​​ ​​​ ​​​ ​​​ ​​​ ​​​ ​​​ ​​​ ​​​ ​​​ ​​​ ​​​ ​​​ ​​​ ​​​ ​​​ ​​​ ​​​ ​​​ ​​​ ​​​ ​​​ ​​​ ​​​ ​​​ ​​​ ​​​ ​​​ ​​​ ​​​ ​​​ ​​​ ​​​ ​​​ ​​​ ​​​ ​​​ ​​​ ​​​ ​​​"
"You think success is luck, but I think it’s effort.",Başarı'nın şans olduğunu düşünüyorsun ama ben onun çaban olduğunu düşünüyorum. ​​​​​ ​​​​ ​ ​​​​ ​​​​ ​​​​ ​​​​ ​​​​ ​​​​ ​​​​ ​​​​ ​​​​ ​​​​ ​​​​ ​​​​ ​​​​ ​​​​ ​​​​ ​​​​ ​​​​ ​​​​ ​​​​ ​​​​
"Even the youngest member contributed ideas, yet you said nothing.","En genç üye bile fikir katkıda bulundu, fakat sen hiçbir şey söylemedin. ​​​​​​​ ​​​ ​​​ ​​​ ​​​ ​​​ ​​​ ​​​ ​​​ ​​​ ​​​ ​​​ ​​​ ​​​ ​​​ ​​​ ​​​ ​​​ ​​​ ​​​ ​​​ ​​​ ​​​ ​​​ ​​​ ​​​ ​​​ ​​​ ​​​ ​​​ ​​​ ​​​ ​​​ ​​​ ​​​ ​​​ ​​​ ​​​ ​​​ ​​​ ​​​ ​​​ ​​​"
"You love summer, but I yearn for winter.",Sen yaz mevsimini seviyorsun ama ben kışı özliyorum. ​​​​​​​ ​​​ ​​​ ​​​ ​​​ ​​​ ​​​ ​​​ ​​​ ​​​ ​​​ ​​​ ​​​ ​​​ ​​​ ​​​ ​​​ ​​​ ​​​ ​​​ ​​​ ​​​ ​​​ ​​​ ​​​ ​​​ ​​​ ​​​ ​​​ ​​​ ​​​ ​​​ ​​​ ​​​ ​​​ ​​​ ​​​ ​​​ ​​​ ​​​ ​​​
"He arrived early, while she didn’t even bother showing up.","O erken geldi, oysa o sadece gelmeye kıyamadı. ​​​​​​​ ​​​​​​ ​ ​​​​ ​​​ ​​​ ​​​ ​​​ ​​​ ​​​ ​​​ ​​​ ​​​ ​​​ ​​​ ​​​ ​​​ ​​​ ​​​ ​​​ ​​​ ​​​ ​​​ ​​​ ​​​ ​​​ ​​​ ​​​ ​​​ ​​​ ​​​ ​​​ ​​​ ​​​ ​​​ ​​​ ​​​ ​​​ ​​​ ​​​ ​​​ ​​​ ​​​ ​​​"
"I value honesty, but you prefer convenience.",Dürüstlüğü değer veriyorum ama sen rahatlığı tercih ediyorsun. ​​​​​​​ ​​​ ​​​ ​​​ ​​​ ​​​ ​​​ ​​​ ​​​ ​​​ ​​​ ​​​ ​​​ ​​​ ​​​ ​​​ ​​​ ​​​ ​​​ ​​​ ​​​ ​​​ ​​​ ​​​ ​​​ ​​​ ​​​ ​​​ ​​​ ​​​ ​​​ ​​​ ​​​ ​​​ ​​​ ​​​ ​​​ ​​​ ​​​ ​​​ ​​​ ​​​ ​​​ ​​​
"She speaks quickly, yet he takes his time to respond.",O çabuk konuşur fakat o cevap vermek için zamanını alır. ​​​​​​​ ​​​ ​​​ ​​​ ​​​ ​​​ ​​​ ​​​ ​​​ ​​​ ​​​ ​​​ ​​​ ​​​ ​​​ ​​​ ​​​ ​​​ ​​​ ​​​ ​​​ ​​​ ​​​ ​​​ ​​​ ​​​ ​​​ ​​​ ​​​ ​​​ ​​​ ​​​ ​​​ ​​​ ​​​ ​​​ ​​​ ​​​ ​​​ ​​​ ​​​ ​​​ ​​​ ​​​ ​​​ ​​​ ​​​
"You focus on appearance, while I care about substance.","Sen görünüşe bakıyorsun, ben de esana önem veriyorum.​ ​ ​ ​ ​ ​ ​ ​ ​ ​ ​ ​ ​ ​ ​ ​ ​ ​ ​ ​ ​ ​ ​ ​ ​ ​ ​ ​ ​ ​ ​ ​ ​ ​ ​ ​ ​ ​ ​ ​ ​ ​ ​ ​ ​ ​ ​"
"He reads novels, but I prefer documentaries.",O romanlar okur ama ben belgesele tercih ederim.​ ​ ​ ​ ​ ​ ​ ​ ​ ​ ​ ​ ​ ​ ​ ​ ​ ​ ​ ​ ​ ​ ​ ​ ​ ​ ​ ​ ​ ​ ​ ​ ​ ​ ​ ​ ​ ​ ​ ​ ​ ​ ​ ​ ​ ​ ​ ​ ​ ​
She practices every day; he plays only when inspired.,"O her gün pratik yapıyor, o sadece ilhamlandığında oynuyor. ​​​​​​​ ​​​ ​​​ ​​​ ​​​ ​​​ ​​​ ​​​ ​​​ ​​​ ​​​ ​​​ ​​​ ​​​ ​​​ ​​​ ​​​ ​​​ ​​​ ​​​ ​​​ ​​​ ​​​ ​​​ ​​​ ​​​ ​​​ ​​​ ​​​ ​​​ ​​​ ​​​ ​​​ ​​​ ​​​ ​​​ ​​​ ​​​ ​​​ ​​​ ​​​ ​​​ ​​​ ​​​"
"You find peace in silence, but I thrive on noise.",Sen sessizlikte huzur bulursun ama ben gürültüde canlanırım. ​​​​​​​ ​​​ ​​​ ​​​ ​​​ ​​​ ​​​ ​​​ ​​​ ​​​ ​​​ ​​​ ​​​ ​​​ ​​​ ​​​ ​​​ ​​​ ​​​ ​​​ ​​​ ​​​ ​​​ ​​​ ​​​ ​​​ ​​​ ​​​ ​​​ ​​​ ​​​ ​​​ ​​​ ​​​ ​​​ ​​​ ​​​ ​​​ ​​​ ​​​
"He saves every penny, while she spends without thinking.","O, düşündüğü olmadan her kuruşunu biriktiriyor, oysa o harcıyor. ​​​​​​​ ​​​​​​ ​​​ ​​​ ​​​ ​​​ ​​​ ​​​ ​​​ ​​​ ​​​ ​​​ ​​​ ​​​ ​​​ ​​​ ​​​ ​​​ ​​​ ​​​ ​​​ ​​​ ​​​ ​​​ ​​​ ​​​ ​​​ ​​​ ​​​ ​​​ ​​​ ​​​ ​​​ ​​​ ​​​ ​​​"
"I enjoy social events, but you always look for an excuse to leave.",Ben sosyal olaylardan hoşlanırım ama sen her zaman ayrılmak için bir bahane arıyorsun. Bu benim için çok sinir bozucu. Lütfen daha fazla dikkat et. Bu yüzden seni sevmiyorum. Çok üzgünüm. Umarım bu konuda daha fazla
"You trust easily, but I question everyone.",Sen kolayca güveniyorsun ama ben herkesi sorguluyorum. ​​​​​​​ ​​​ ​ ​​​ ​​​ ​​​ ​​​ ​​​ ​​​ ​​​ ​​​ ​​​ ​​​ ​​​ ​​​ ​​​ ​​​ ​​​ ​​​ ​​​ ​​​ ​​​ ​​​ ​​​ ​​​ ​​​ ​​​ ​​​ ​​​ ​​​ ​​​ ​​​ ​​​ ​​​ ​​​ ​​​ ​​​ ​​​ ​​​ ​​​ ​​​ ​​​ ​​​ ​​​
"She forgives quickly, yet he holds grudges.","O çabuk affederken, o ise eskiyor. Ne tuzağa girmez ki! O, çabuk affederken, o ise eskiyor. Ne tuzağa girmez ki! O, çabuk affederken, o ise eskiyor. Ne tuzağa girmez ki! O,"
"I like order, but you seem to love chaos.",Ben düzeni severim ama sen düzensizliği seviyorsun gibi görünüyorsun.​ ​ ​ ​ ​ ​ ​ ​ ​ ​ ​ ​ ​ ​ ​ ​ ​ ​ ​ ​ ​ ​ ​ ​ ​ ​ ​ ​ ​ ​ ​ ​ ​ ​ ​ ​ ​ ​ ​ ​ ​ ​
"He follows the rules, while she challenges them.","O, kurallara uyar, oysa o onları test ediyor. ​​​​​​​ ​​​ ​​​ ​​​ ​​​ ​​​ ​​​ ​​​ ​​​ ​​​ ​​​ ​​​ ​​​ ​​​ ​​​ ​​​ ​​​ ​​​ ​​​ ​​​ ​​​ ​​​ ​​​ ​​​ ​​​ ​​​ ​​​ ​​​ ​​​ ​​​ ​​​ ​​​ ​​​ ​​​ ​​​ ​​​ ​​​ ​​​ ​​​ ​​​ ​​​ ​​​ ​​​ ​​​ ​​​ ​​​"
"You want quick results, but I believe in patience.",Hızlı sonuçlar istiyorsun ama ben sabıra inanıyorum. ​​​​​​​ ​​​​​​ ​​​ ​​​​​​ ​​​​​​ ​​​​​​ ​​​​​​ ​​​​​​ ​​​​​​ ​​​​​​ ​​​​​​ ​​​​​​ ​​​​​​ ​​​​​​ ​​​​​​ ​​​​​​
"She dreams big, but he fears failure.",O büyük hayaller kuruyor ama o başarısızdan korkuyor. ​​​​​​​ ​​​​​​​​ ​​​​​​​​ ​​​​​​​​ ​​​​​​​​ ​​​​​​​​ ​​​​​​​​ ​​​​​​​​ ​​​​​​​​ ​​​​​​​​ ​​​​​​​​ ​​​​​​​​ ​​​​
"I took responsibility, but you walked away from it.",Ben sorumluluğu üstledim ama sen ondan uzaklaştın. ​​​​​​​ ​​​​​​​​​​​​​​​​​​​​​​​​​​​​​​​​​​​​​​​​​​​​​​​​​​​​​​​​​​​​​​​​​​​​​​​​​​​​​​​​​​​​​​​​​​
"He chose security, while I chose adventure.",Ben macereyi seçerken o güvenlik seçti. İki farklı seçim. İki farklı tercih. İki farklı sonuç. İki farklı son. İki farklı bitiş. İki farklı bittiş. İki farklı bitişik. İki farklı bitişken. İki farklı bitişkenler. İki farklı bitişkenleri.
"You may hesitate, but I will take the risk.",Sen tereddüt edebilirsin ama ben riske gireceğim. ​​​​​​​ ​​​​​​​​ ​​​​​​ ​​​ ​​​​ ​​​ ​​​ ​​​ ​​​ ​​​ ​​​ ​​​ ​​​ ​​​ ​​​ ​​​ ​​​ ​​​ ​​​ ​​​ ​​​ ​​​ ​​​ ​​​ ​​​ ​​​ ​​​ ​​​ ​​​ ​​​ ​​​ ​​​ ​​​ ​​​ ​​​ ​​​ ​​​ ​​​ ​​​
"You enjoy staying indoors, whereas I like being outside from dawn to dusk.","Evde kalmaktan hoşlanıyorsun, ben ise güneşin doğuşundan batıya kadar dışarda olmayı seviyorum. İki ayrı görüş var ki bu da içime sinmiş. Ne dersin?.. Bu arada evde kalıp can atıyor musun?.."
"He trusts people easily, but she questions everyone’s intentions.",O insanlara kolayca güvenir fakat o herkesin niyetlerini sorar. ​​​​​​​ ​​​​​​ ​​​ ​​​ ​​​ ​​​ ​​​ ​​​ ​​​ ​​​ ​​​ ​​​ ​​​ ​​​ ​​​ ​​​ ​​​ ​​​ ​​​ ​​​ ​​​ ​​​ ​​​ ​​​ ​​​ ​​​ ​​​ ​​​ ​​​ ​​​ ​​​ ​​​ ​​​ ​​​ ​​​ ​​​ ​​​ ​​​ ​​​ ​​​ ​​​ ​​​
"They follow every rule, while we prefer to bend them when necessary.","Onlar her kurala uyarlar, bizse gerekliyse onları kırmayı tercih ediyoruz. ​​​​​​​ ​​​ ​ ​​​ ​​​ ​​​ ​​​ ​​​ ​​​ ​​​ ​​​ ​​​ ​​​ ​​​ ​​​ ​​​ ​​​ ​​​ ​​​ ​​​ ​​​ ​​​ ​​​ ​​​ ​​​ ​​​ ​​​ ​​​ ​​​ ​​​ ​​​ ​​​ ​​​ ​​​ ​​​ ​​​ ​​​ ​​​ ​​​"
"She speaks her mind openly, yet he keeps his thoughts to himself.","O, fikrini açıkça ifade ediyor, fakat o düşündüklerini kendime saklıyor. ​​​​​​​ ​ ​ ​ ​ ​ ​ ​ ​ ​ ​ ​ ​ ​ ​ ​ ​ ​ ​ ​ ​ ​ ​ ​ ​ ​ ​ ​ ​ ​ ​ ​ ​ ​ ​ ​ ​ ​ ​ ​"
"I like planning every detail, but you prefer to act on impulse.",Ben her ayrıntıyı planlamayı severim ama sen cana göre hareket etmeyi tercih ediyorsun. ​​​​​​​ ​​​ ​​​ ​​​ ​​​ ​​​ ​​​ ​​​ ​​​ ​​​ ​​​ ​​​ ​​​ ​​​ ​​​ ​​​ ​​​ ​​​ ​​​ ​​​ ​​​ ​​​ ​​​ ​​​ ​​​ ​​​ ​​​ ​​​ ​​​ ​​​ ​​​ ​​​ ​​​ ​​​ ​​​ ​​​ ​​​
"We focus on long term goals, whereas they chase quick wins.","Biz uzun vadeli hedeflere odaklanıyoruz, oysa onlar çabuk kazanmalarla ilgilendi.​ ​ ​ ​ ​ ​ ​ ​ ​ ​ ​ ​ ​ ​ ​ ​ ​ ​ ​ ​ ​ ​ ​ ​ ​ ​ ​ ​ ​ ​ ​ ​ ​ ​ ​ ​ ​ ​ ​ ​ ​ ​"
"You see only the risks, but I notice the potential benefits.",Sadece riske bakıyorsun ama ben potansiyel faydalara dikkat ediyorum. ​​​​​ ​ ​ ​ ​ ​ ​ ​ ​ ​ ​ ​ ​ ​ ​ ​ ​ ​ ​ ​ ​ ​ ​ ​ ​ ​ ​ ​ ​ ​ ​ ​ ​ ​ ​ ​ ​ ​ ​ ​ ​ ​
"He reacts emotionally, while she responds in a very logical way.",O duygusal olarak tepki gösterirken o çok mantıklı bir şekilde cevap veriyor. ​​​​​​​ ​​​ ​​​ ​​​ ​​​ ​​​ ​​​ ​​​ ​​​ ​​​ ​​​ ​​​ ​​​ ​​​ ​​​ ​​​ ​​​ ​​​ ​​​ ​​​ ​​​ ​​​ ​​​ ​​​ ​​​ ​​​ ​​​ ​​​ ​​​ ​​​ ​​​ ​​​ ​​​ ​​​ ​​​ ​​​ ​​​ ​​​ ​​​ ​​​ ​​​ ​​​ ​​​ ​​​
"I try to resolve conflicts gently, whereas you confront issues directly.","Ben anlaşmazlıkları yumuşak bir şekilde çözmeye çalışırım, sen ise konulara doğrudan yaklaşırsın. Bu iki farklı yaklaşıma rağmen, ben seninle aynı fikirde olmayı tercih ederim. İki farklı yaklaşımın var olduğu için, bu iki yaklaşımı da ayrı"
"She invests in experiences, while he spends most of his money on gadgets.","O, deneyimlerdeki yatırımlara devam ederken o, para çoğunun üzerinde robotlar ve akıllı cihazlarla harcar. O, bir zamanlar onunla birlikte harcamıştı. Şimdi ise yalnız başına harcıyor. O, her zaman onunla birlikte harcamıştı. Şimdi"
"You keep everything organized, but I leave things where they land.",Sen her şeyi düzenlenmiş bir şekilde tutuyorsun ama ben şeyleri yere düşdükleri yerde bırakıyorum.​ ​ ​ ​ ​ ​ ​ ​ ​ ​ ​ ​ ​ ​ ​ ​ ​ ​ ​ ​ ​ ​ ​ ​ ​ ​ ​ ​ ​ ​ ​ ​ ​ ​ ​ ​ ​ ​ ​ ​ ​
"He prefers working alone, whereas she thrives in a busy team.","O yalnız çalışmayı tercih ederken o, yoğun bir takımda çiçek açıyor. ​​​​​​​ ​ ​ ​ ​ ​ ​ ​ ​ ​ ​ ​ ​ ​ ​ ​ ​ ​ ​ ​ ​ ​ ​ ​ ​ ​ ​ ​ ​ ​ ​ ​ ​ ​ ​ ​ ​ ​"
"They celebrate every small win, but we save our energy for the big ones.",Onlar her küçük kazanışa coşkunuzu yükseltiyor fakat biz enerjiimizi büyük olanlar için saklıyoruz.​ ​ ​ ​ ​ ​ ​ ​ ​ ​ ​ ​ ​ ​ ​ ​ ​ ​ ​ ​ ​ ​ ​ ​ ​ ​ ​ ​ ​ ​ ​ ​ ​ ​ ​ ​
"She adapts quickly to change, but he clings to his usual routines.",O çabuk değişikliğe uyumakta fakat o her zaman rutinlerine yapışmış. ​​​​​​​ ​​​​​​​​ ​​​​​​​​ ​​​​​​​​ ​​​​​​​​ ​​​​​​​​ ​​​​​​​​ ​​​​​​​​ ​​​​​​​​ ​​​​​​​​ ​​​​
"We share information freely, whereas they guard every detail.","Biz bilgiyi serbestçe paylaşıyoruz, onlar ise her ayrıntıdan sakınıyorlar. ​​​​​​​ ​​​​​​ ​​​ ​​​ ​​​ ​​​ ​​​ ​​​ ​​​ ​​​ ​​​ ​​​ ​​​ ​​​ ​​​ ​​​ ​​​ ​​​ ​​​ ​​​ ​​​ ​​​ ​​​ ​​​ ​​​ ​​​ ​​​ ​​​ ​​​ ​​​ ​​​ ​​​ ​​​ ​​​ ​​​ ​​​"
"You treat mistakes as failures, but I treat them as practice.",Sen hataları başarısızlıklar olarak görüyorsun ama ben onları pratiğe olarak görüyorum.​ ​ ​ ​ ​ ​ ​ ​ ​ ​ ​ ​ ​ ​ ​ ​ ​ ​ ​ ​ ​ ​ ​ ​ ​ ​ ​ ​ ​ ​ ​ ​ ​ ​ ​ ​ ​ ​ ​ ​
"He talks confidently in public, while she prefers to write down her ideas.","O kamu içinde güvenle konuşurken, o fikirlerini yazmak tercih ediyor. ​​​​​​​ ​​​ ​ ​​​ ​​​ ​​​ ​​​ ​​​ ​​​ ​​​ ​​​ ​​​ ​​​ ​​​ ​​​ ​​​ ​​​ ​​​ ​​​ ​​​ ​​​ ​​​ ​​​ ​​​ ​​​ ​​​ ​​​ ​​​ ​​​ ​​​ ​​​ ​​​ ​​​ ​​​ ​​​ ​​​ ​​​ ​​​ ​​​ ​​​ ​​​ ​​​ ​​​ ​​​"
"They travel whenever possible, whereas we rarely leave our hometown.","Onlar mümkün olduğunca seyahat ediyorlar, biz ise nadiren doğduğumuz yerden ayrılmışız.​ ​ ​ ​ ​ ​ ​ ​ ​ ​ ​ ​ ​ ​ ​ ​ ​ ​ ​ ​ ​ ​ ​ ​ ​ ​ ​ ​ ​ ​ ​ ​ ​ ​ ​ ​ ​ ​ ​"
"You enjoy waking up early, but I feel most energetic late at night.",Erken kalkmaktan hoşlanıyorsun ama ben gece geç saatlerde en enerjik hissediyorum. Bu yüzden birbirimizin tarzlarını seviyoruz. Yumurta yumurtadır ama ben kahvaltı yapmayı seviyorum. Seni uyandırdığım için çok teşekkür ederim
"She reads scientific articles for fun, whereas he prefers crime novels.","O, eğlence için bilimsel makaleler okurken o suç romanları tercih ediyor. ​​​​​​​ ​​​​​​ ​​​ ​​​ ​​​ ​​​ ​​​ ​​​ ​​​ ​​​ ​​​ ​​​ ​​​ ​​​ ​​​ ​​​ ​​​ ​​​ ​​​ ​​​ ​​​ ​​​ ​​​ ​​​ ​​​ ​​​ ​​​ ​​​ ​​​ ​​​ ​​​ ​​​ ​​​ ​​​ ​​​ ​​​ ​​​"
"They cook every meal at home, while we usually eat out.",Biz genellikle dışarıda yemek yerken onlar evde her öğle yemeği pişirirler. ​​​​​ ​​​ ​ ​​​ ​​​ ​​​ ​​​ ​​​ ​​​ ​​​ ​​​ ​​​ ​​​ ​​​ ​​​ ​​​ ​​​ ​​​ ​​​ ​​​ ​​​ ​​​ ​​​ ​​​ ​​​ ​​​ ​​​ ​​​ ​​​ ​​​ ​​​ ​​​ ​​​ ​​​ ​​​ ​​​ ​​​ ​​​ ​​​ ​​​ ​​​ ​​​ ​​​
"He saves every spare coin, but she spends freely on little luxuries.",O her boş parayı biriktiriyor fakat o küçük lüksler için kolayca harcıyor. ​​​​​​​ ​​​​​​ ​​​ ​​​ ​​​ ​​​ ​​​ ​​​ ​​​ ​​​ ​​​ ​​​ ​​​ ​​​ ​​​ ​​​ ​​​ ​​​ ​​​ ​​​ ​​​ ​​​ ​​​ ​​​ ​​​ ​​​ ​​​ ​​​ ​​​ ​​​ ​​​ ​​​ ​​​ ​​​ ​​​ ​​​
"You like to keep conversations light, whereas I often dive into serious topics.","Sen konuşmaları hafif tutmak istiyorsun, ben ise sık sık ciddi konulara dalarım. Bu farklı yaklaşışlar seni benimle aynı seviyede konuşmaya zorlamaktadır. Ne kadar da bu beni seni etkilemektedir. Bu da seninle aynı seviy"
"We choose the safest route, but they always take the most exciting one.",Biz en güvenli yoldan gideriz ama onlar her zaman en heyecan verici olanı seçerler. ​​​​​​​ ​​​​​​​​​​​​​​​​​​​​​​​​​​​​​​​​​​​​​​​​​​​​​​​​​​​​​​​​​​​​​​​​​​​​​​​​​​
"She follows instructions exactly, while he improvises from the beginning.","O tam olarak talimatlara uyar, oysa o baştan improvizasyon yapar. ​​​​​​​ ​​​​​​ ​​​ ​​​ ​​​ ​​​ ​​​ ​​​ ​​​ ​​​ ​​​ ​​​ ​​​ ​​​ ​​​ ​​​ ​​​ ​​​ ​​​ ​​​ ​​​ ​​​ ​​​ ​​​ ​​​ ​​​ ​​​ ​​​ ​​​ ​​​ ​​​ ​​​ ​​​ ​​​ ​​​ ​​​ ​​​ ​​​ ​​​"
"I work best under pressure, whereas you need plenty of time to prepare.","Ben en iyi baskı altındayken çalışırım, oysa sen hazırlamak için bol zamanın gerek. Bu nedenle ikimizin iş yapma tarzları tam tersine karşılışıyor. Senin için çok vaktin gerekli, ben ise baskının altında çalışıyorum. Bu yüzden ikimizin"
"They celebrate loudly, but we mark special days quietly.",Onlar gürültülü bir şekilde kutlar ama biz özel günleri sessizce işaret ediyoruz. ​​​​​​​ ​​​ ​​​ ​​​ ​​​ ​​​ ​​​ ​​​ ​​​ ​​​ ​​​ ​​​ ​​​ ​​​ ​​​ ​​​ ​​​ ​​​ ​​​ ​​​ ​​​ ​​​ ​​​ ​​​ ​​​ ​​​ ​​​ ​​​ ​​​ ​​​ ​​​ ​​​ ​​​ ​​​ ​​​ ​​​ ​​​ ​​​ ​​​ ​​​
"He trusts his intuition, while she relies on careful research.","O, içgüdüsüne güvenirken, o dikkatli araştıra dayanır. ​​​​​​​ ​​​​​​ ​​​ ​​​​ ​​​ ​​​ ​​​ ​​​ ​​​ ​​​ ​​​ ​​​ ​​​ ​​​ ​​​ ​​​ ​​​ ​​​ ​​​ ​​​ ​​​ ​​​ ​​​ ​​​ ​​​ ​​​ ​​​ ​​​ ​​​ ​​​ ​​​ ​​​ ​​​ ​​​"
"You prefer solo projects, whereas I enjoy collaborating with a big team.","Sen büyük bir ekip ile işbirliğine katılmaktan hoşlanmıyorsun, ben de. Yalnız projeleri tercih ediyorsun, ben de. Benimle aynı fikirde değilsin. Projeleri yalnız yapmayı seviyorsun, ben de. Benimle aynı fikir"
"We decorate our home minimally, but they fill every corner with souvenirs.",Biz evimizi minimalist olarak dekorederiz ama onlar her köşeyi hediyelerle doldururlar.​ ​ ​ ​ ​ ​ ​ ​ ​ ​ ​ ​ ​ ​ ​ ​ ​ ​ ​ ​ ​ ​ ​ ​ ​ ​ ​ ​ ​ ​ ​ ​ ​ ​ ​ ​ ​ ​ ​ ​ ​ ​ ​
"She exercises at sunrise, while he goes to the gym just before closing.","O sabah güneşin doğuşunda egzersiz yapar, o ise tam kapanmadan önce spor salonuna gider. ​​​​​​​ ​​​​​​ ​​​ ​​​ ​​​ ​​​ ​​​ ​​​ ​​​ ​​​ ​​​ ​​​ ​​​ ​​​ ​​​ ​​​ ​​​ ​​​ ​​​ ​​​ ​​​ ​​​ ​​​ ​​​ ​​​ ​​​ ​​​ ​​​ ​​​ ​​​ ​​​ ​​​ ​​​"
"He keeps his desk spotless, while hers is always covered in papers.","Onun masası hep kağıtla kaplı olurken, onunka asla kağıt kalmaz. O masasını her zaman temiz tutuyor. Onunki ise hep kağıtla dolu. Bu da bir örnektir. İşleri düzenlemek için her zaman temizlik yapması gerekir"
"You remember every birthday, but I constantly lose track of dates.",Sen her doğum gününü hatırlıyorsun ama ben sürekli tarihleri unutuyorum. ​​​​​​​ ​ ​ ​ ​ ​ ​ ​ ​ ​ ​ ​ ​ ​ ​ ​ ​ ​ ​ ​ ​ ​ ​ ​ ​ ​ ​ ​ ​ ​ ​ ​ ​ ​ ​ ​ ​ ​ ​ ​
"We listen to classical music, whereas they dance to electronic beats.","Biz klasik müzik dinleriz, onlar ise elektronik ritimlere dans ederler.​ ​ ​ ​ ​ ​ ​ ​ ​ ​ ​ ​ ​ ​ ​ ​ ​ ​ ​ ​ ​ ​ ​ ​ ​ ​ ​ ​ ​ ​ ​ ​ ​ ​ ​ ​ ​ ​ ​ ​ ​ ​ ​ ​ ​ ​"
"She keeps secrets easily, while he shares news the moment he hears it.","O kolayca sırlar, oysa o haber duyar duymaz bunu paylaşır. ​​​​​​​ ​​​​​​ ​​​ ​​​ ​​​ ​​​ ​​​ ​​​ ​​​ ​​​ ​​​ ​​​ ​​​ ​​​ ​​​ ​​​ ​​​ ​​​ ​​​ ​​​ ​​​ ​​​ ​​​ ​​​ ​​​ ​​​ ​​​ ​​​ ​​​ ​​​ ​​​ ​​​ ​​​ ​​​ ​​​ ​​​ ​​​ ​​​ ​​​"
"She collects vintage stamps, though he has no interest in hobbies like that.","O, böyle hobiler ile ilgilenmeyen birine rağmen antik pul koleksiyonu yapıyor. ​​​​​​​ ​​​​​​ ​​​ ​​​ ​​​ ​​​ ​​​ ​​​ ​​​ ​​​ ​​​ ​​​ ​​​ ​​​ ​​​ ​​​ ​​​ ​​​ ​​​ ​​​ ​​​ ​​​ ​​​ ​​​ ​​​ ​​​ ​​​ ​​​ ​​​ ​​​ ​​​ ​​​ ​​​ ​​​ ​​​ ​​​ ​​​ ​​​ ​​​"
They hike every weekend; however we stay home to read books instead.,Onlar her hafta sonu yürüyüşe çıkarlar; ancak biz evde kaldık kitap okumak yerine. ​​​​​ ​ ​ ​ ​ ​ ​ ​ ​ ​ ​ ​ ​ ​ ​ ​ ​ ​ ​ ​ ​ ​ ​ ​ ​ ​ ​ ​ ​ ​ ​ ​ ​ ​ ​ ​ ​ ​ ​
"He paints landscapes beautifully, yet she specializes in abstract designs.","O manzaraları güzel boyar, fakat o soyut tasarımlara uzmanlaşmış.​ ​ ​ ​ ​ ​ ​ ​ ​ ​ ​ ​ ​ ​ ​ ​ ​ ​ ​ ​ ​ ​ ​ ​ ​ ​ ​ ​ ​ ​ ​ ​ ​ ​ ​ ​ ​ ​ ​ ​ ​ ​ ​ ​"
"I bake fresh bread daily, while you buy it from the store every time.","Sen her zaman onu mağazadan alırsın, ben ise günlük olarak taze ekmek pişiriyorum. ​​​​​​​ ​​​ ​​​ ​​​ ​​​ ​​​ ​​​ ​​​ ​​​ ​​​ ​​​ ​​​ ​​​ ​​​ ​​​ ​​​ ​​​ ​​​ ​​​ ​​​ ​​​ ​​​ ​​​ ​​​ ​​​ ​​​ ​​​ ​​​ ​​​ ​​​ ​​​ ​​​ ​​​ ​​​ ​​​ ​​​"
"We go to the cinema regularly, but they watch movies at home exclusively.",Biz sinemaya düzenli olarak gideriz ama onlar evde filme izleyerek tercih ediyorlar. ​​​​​​​ ​​​ ​​​ ​​​ ​​​ ​​​ ​​​ ​​​ ​​​ ​​​ ​​​ ​​​ ​​​ ​​​ ​​​ ​​​ ​​​ ​​​ ​​​ ​​​ ​​​ ​​​ ​​​ ​​​ ​​​ ​​​ ​​​ ​​​ ​​​ ​​​ ​​​ ​​​ ​​​ ​​​ ​​​ ​​​ ​​​ ​​​ ​​​ ​​​ ​​​
"You meditate before work, whereas I jump straight into tasks without pause.","Sen işten önce meditasyon yaparsın, ben ise duraksız bir şekilde görevlere atılırım.​ ​ ​ ​ ​ ​ ​ ​ ​ ​ ​ ​ ​ ​ ​ ​ ​ ​ ​ ​ ​ ​ ​ ​ ​ ​ ​ ​ ​ ​ ​ ​ ​ ​ ​ ​ ​ ​ ​ ​"
They garden in the backyard; however we fill our space with patio furniture.,Onlar arka bahçede bahçeler kuruyorlar fakat biz verandasımla alanımızı dolduruyoruz. Patio mobilyaları ile.​ ​ ​ ​ ​ ​ ​ ​ ​ ​ ​ ​ ​ ​ ​ ​ ​ ​ ​ ​ ​ ​ ​ ​ ​ ​ ​ ​ ​ ​ ​ ​
"He journals every evening, yet she prefers to scroll through social media.",O her akşam günlük tutar fakat o sosyal medya platformlarını tarayıp gitmekten hoşlanıyor. ​​​​​​​ ​ ​ ​ ​ ​ ​ ​ ​ ​ ​ ​ ​ ​ ​ ​ ​ ​ ​ ​ ​ ​ ​ ​ ​ ​ ​ ​ ​ ​ ​ ​ ​ ​ ​ ​ ​ ​ ​ ​ ​
"I cycle to the office, while you drive there every day without fail.",Sen her gün işe doğru başarısız olmazsın halde ben ofise bisikletle giderim. ​​​​​​​ ​​​​​​​​​​​​​​​​​​​​​​​​​​​​​​​​​​​​​​​​​​​​​​​​​​​​​​​​​​​​​​​​​​​​​​​​​​​​​​​​
"We host board game nights, but they organize dance parties instead.",Biz bir gecelik masa oyunları organizasyonlarına ev sahipleriz ama onlar yerine dans partileri düzenlediler. ​​​​​​​ ​ ​ ​ ​ ​ ​ ​ ​ ​ ​ ​ ​ ​ ​ ​ ​ ​ ​ ​ ​ ​ ​ ​ ​ ​ ​ ​ ​ ​ ​ ​ ​ ​ ​ ​
"She studies history books, though he focuses on science magazines only.","O sadece bilim dergilerine odaklanmasına rağmen tarih kitapları çalışıyor. O tarihe ve bilime ilgileniyor. O, bilim dergilerine bakmıyorken tarihe de bakıyor. Bilim dergelerine bakmıyorken tarihe de bakıyor. Bilim derg"
They swim laps at dawn; however we lounge by the pool later in the day.,Güneşin doğuşunda onlar yüzme lapları yapıyorlar; ancak daha sonra biz havuzun yakınında şemsiyeli oturuyoruz.​ ​ ​ ​ ​ ​ ​ ​ ​ ​ ​ ​ ​ ​ ​ ​ ​ ​ ​ ​ ​ ​ ​ ​ ​ ​ ​ ​ ​ ​
"He composes music on weekends, but she listens to podcasts nonstop.",O hafta sonlarında müzik kompoz eder ama o kesintisiz olarak podcast'leri dinler. ​​​​​​​ ​​​​​​ ​​​ ​​​ ​​​ ​​​ ​​​ ​​​ ​​​ ​​​ ​​​ ​​​ ​​​ ​​​ ​​​ ​​​ ​​​ ​​​ ​​​ ​​​ ​​​ ​​​ ​​​ ​​​ ​​​ ​​​ ​​​ ​​​ ​​​ ​​​ ​​​ ​​​ ​​​ ​​​ ​​​ ​​​ ​​​ ​​​
"I weave baskets from reeds, while you purchase them from markets.","Sen onlardan pazarlardan alırsın, ben de çamlardan koltuklar dokurum. İşte ben böyle yaparım. İşte sen böyle yapma. İşte ben böyle yaparım. İşte sen böyle yapma. İşte ben böyle yaparım. İşte sen böyle yapma. İşte"
"We stargaze on clear nights, but they sleep early regardless of the sky.",Açık gecelerde biz yıldızlara bakıyoruz ama onlar ne gökyüzüne gelirse gelsin erken uyumak zorunda. ​​​​​​​ ​​​ ​ ​​​ ​​​ ​​​ ​​​ ​​​ ​​​ ​​​ ​​​ ​​​ ​​​ ​​​ ​​​ ​​​ ​​​ ​​​ ​​​ ​​​ ​​​ ​​​ ​​​ ​​​ ​​​ ​​​ ​​​ ​​​ ​​​ ​​​ ​​​ ​​​
They forage for wild berries; however we always shop at supermarkets.,Onlar yaban mersini topluyorlar fakat biz her zaman süpermarkette alışveriş yapıyoruz.​ ​ ​ ​ ​ ​ ​ ​ ​ ​ ​ ​ ​ ​ ​ ​ ​ ​ ​ ​ ​ ​ ​ ​ ​ ​ ​ ​ ​ ​ ​ ​ ​ ​ ​ ​ ​ ​ ​ ​ ​
"He recites poetry aloud, yet she whispers it to herself quietly.","O, şiiri sesle okur fakat o onu kendince sessizce fısılar. ​​​​​​​ ​​​​​​ ​​​ ​​​ ​​​ ​​​ ​​​ ​​​ ​​​ ​​​ ​​​ ​​​ ​​​ ​​​ ​​​ ​​​ ​​​ ​​​ ​​​ ​​​ ​​​ ​​​ ​​​ ​​​ ​​​ ​​​ ​​​ ​​​ ​​​ ​​​ ​​​ ​​​ ​​​ ​​​ ​​​ ​​​ ​​​ ​​​ ​​​ ​​​"
"I tend to bonsai trees, while you grow tall sunflowers in rows.",Sen sünger serçinleri dizerek uzun boylu güllü büyüterken ben bonzai ağaçlarına bakarım. Her ikimiz de doğada yetişen bitkileri yetiştirmek için çaba sarf ediyoruz. İşte bu yüzden doğada yetişen bitkiler yetişti.
They sail small boats on lakes; however we paddle kayaks down rivers.,Onlar göllerde küçük yelkenli kullanır; fakat biz nehirlerde kanoda aşağıya kürek çekiyoruz.​ ​ ​ ​ ​ ​ ​ ​ ​ ​ ​ ​ ​ ​ ​ ​ ​ ​ ​ ​ ​ ​ ​ ​ ​ ​ ​ ​ ​ ​ ​ ​ ​ ​ ​ ​ ​
"You grab coffee to go, but I sit down for a full cup.",Sen gitmek için kahve alırsın ama ben tam bir fincan için otururum. ​​​​​​​ ​​​​​​ ​​​ ​​​ ​​​ ​​​ ​​​ ​​​ ​​​ ​​​ ​​​ ​​​ ​​​ ​​​ ​​​ ​​​ ​​​ ​​​ ​​​ ​​​ ​​​ ​​​ ​​​ ​​​ ​​​ ​​​ ​​​ ​​​ ​​​ ​​​ ​​​ ​​​ ​​​ ​​​ ​​​ ​​​ ​​​ ​​​ ​​​
"He folds laundry right away, but she leaves it in the basket.",O derhal çamaşır katlar fakat o onu kese into. ​​​​​​​ ​​​​​​ ​​​ ​​​​​​ ​​​​​​ ​​​​​​ ​​​​​​ ​​​​​​ ​​​​​​ ​​​​​​ ​​​​​​ ​​​​​​ ​​​​​​ ​​​​​​ ​​​​​​ ​​​​​​ ​​
"I check the weather first, while you head out regardless.",Sen çıkmaya başlamanın yanı sıra hava durumu kontrol ederim ilk. ​​​​​​​ ​​​​​​ ​​​ ​​​​ ​​​ ​​​ ​​​ ​​​ ​​​ ​​​ ​​​ ​​​ ​​​ ​​​ ​​​ ​​​ ​​​ ​​​ ​​​ ​​​ ​​​ ​​​ ​​​ ​​​ ​​​ ​​​ ​​​ ​​​ ​​​ ​​​ ​​​ ​​​ ​​​ ​​​ ​​​ ​​​ ​​​ ​​​ ​​​ ​​​ ​​​
"We pay bills online, but they mail checks every month.",Faturaları çevrim içi ödemektedir ama onlar her ay kontrol gönderirler. ​​​​​​​ ​​​ ​ ​​​ ​​​ ​​​ ​​​ ​​​ ​​​ ​​​ ​​​ ​​​ ​​​ ​​​ ​​​ ​​​ ​​​ ​​​ ​​​ ​​​ ​​​ ​​​ ​​​ ​​​ ​​​ ​​​ ​​​ ​​​ ​​​ ​​​ ​​​ ​​​ ​​​ ​​​ ​​​ ​​​ ​​​ ​​​ ​​​ ​​​ ​​​ ​​​ ​​​
"You add sugar to everything, although I skip it completely.",Ben tamamen atlayasam da her şeye şeker katabilirsin. Yumurta pişirmeden önce onu suya koyup bekleriz. İşte tam bu yüzden. Şimdi iyice uzağa bakalım. İşte tam bu yüzden. Şimdi iyice uzağa bakalım. İşte tam
"She reads news apps, though he gets the paper delivered.","O, gazeteyi teslim aldığı halde haber uygulamaları okur. ​​​​​​​ ​​​​​​ ​​​ ​​​ ​​​ ​​​ ​​​ ​​​ ​​​ ​​​ ​​​ ​​​ ​​​ ​​​ ​​​ ​​​ ​​​ ​​​ ​​​ ​​​ ​​​ ​​​ ​​​ ​​​ ​​​ ​​​ ​​​ ​​​ ​​​ ​​​ ​​​ ​​​ ​​​ ​​​ ​​​ ​​​ ​​​ ​​​ ​​​ ​​​ ​​​ ​​​ ​​​"
"He waters plants daily, yet she forgets until they're drooping.",O her gün bitkileri suluyor fakat o onlar çökünceye kadar unutuyor. ​​​​​​​ ​​​​​​ ​​​ ​​​ ​​​ ​​​ ​​​ ​​​ ​​​ ​​​ ​​​ ​​​ ​​​ ​​​ ​​​ ​​​ ​​​ ​​​ ​​​ ​​​ ​​​ ​​​ ​​​ ​​​ ​​​ ​​​ ​​​ ​​​ ​​​ ​​​ ​​​ ​​​ ​​​ ​​​ ​​​ ​​​ ​​​ ​​​ ​​​ ​​​
"We turn off lights leaving rooms, but they leave them blazing.",Biz odaları terk ederken ışıkları kapatıyoruz ama onlar onları açık bırakıyorlar. ​​​​​​​ ​​​​​​ ​​​ ​​​ ​​​ ​​​ ​​​ ​​​ ​​​ ​​​ ​​​ ​​​ ​​​ ​​​ ​​​ ​​​ ​​​ ​​​ ​​​ ​​​ ​​​ ​​​ ​​​ ​​​ ​​​ ​​​ ​​​ ​​​ ​​​ ​​​ ​​​ ​​​ ​​​ ​​​ ​​​ ​​​ ​​​ ​​​ ​​​ ​​​
